[POST-CREATE] Verbose tracing enabled
+ log 'Starting postCreateCommand... (logging to /tmp/orcpub-post-create.log and /workspaces/orcpub/.devcontainer/post-create.log)'
++ ts
++ date -u +%Y-%m-%dT%H:%M:%SZ
+ echo '2026-01-08T03:54:07Z [POST-CREATE] Starting postCreateCommand... (logging to /tmp/orcpub-post-create.log and /workspaces/orcpub/.devcontainer/post-create.log)'
2026-01-08T03:54:07Z [POST-CREATE] Starting postCreateCommand... (logging to /tmp/orcpub-post-create.log and /workspaces/orcpub/.devcontainer/post-create.log)
+ DATOMIC_VERSION=1.0.7482
+ DATOMIC_JAR=lib/com/datomic/datomic-pro/1.0.7482/datomic-pro-1.0.7482.jar
+ '[' '!' -f lib/com/datomic/datomic-pro/1.0.7482/datomic-pro-1.0.7482.jar ']'
+ echo '[POST-CREATE] Datomic Pro already in lib/'
[POST-CREATE] Datomic Pro already in lib/
+ ls -lh lib/com/datomic/datomic-pro/1.0.7482/datomic-pro-1.0.7482.jar
-rw-r--r-- 1 1000 root 6.8M Jan  8 00:47 lib/com/datomic/datomic-pro/1.0.7482/datomic-pro-1.0.7482.jar
+ command -v lein
+ command -v lein
+ log 'Running lein deps... (may take several minutes the first time)'
++ ts
++ date -u +%Y-%m-%dT%H:%M:%SZ
+ echo '2026-01-08T03:54:07Z [POST-CREATE] Running lein deps... (may take several minutes the first time)'
2026-01-08T03:54:07Z [POST-CREATE] Running lein deps... (may take several minutes the first time)
+ lein deps
Retrieving lein-figwheel/lein-figwheel/0.5.19/lein-figwheel-0.5.19.pom from clojars
Retrieving simple-lein-profile-merge/simple-lein-profile-merge/0.1.4/simple-lein-profile-merge-0.1.4.pom from clojars
Retrieving org/clojure/clojure/1.6.0/clojure-1.6.0.pom from central
Retrieving org/sonatype/oss/oss-parent/7/oss-parent-7.pom from central
Retrieving lein-cljsbuild/lein-cljsbuild/1.1.7/lein-cljsbuild-1.1.7.pom from clojars
Retrieving fs/fs/1.1.2/fs-1.1.2.pom from clojars
Retrieving org/apache/commons/commons-compress/1.3/commons-compress-1.3.pom from central
Retrieving org/apache/commons/commons-parent/22/commons-parent-22.pom from central
Retrieving org/apache/apache/9/apache-9.pom from central
Retrieving lein-localrepo/lein-localrepo/0.5.4/lein-localrepo-0.5.4.pom from clojars
Retrieving org/clojure/tools.cli/0.3.5/tools.cli-0.3.5.pom from central
Retrieving org/clojure/pom.contrib/0.1.2/pom.contrib-0.1.2.pom from central
Retrieving org/clojure/clojure/1.4.0/clojure-1.4.0.pom from central
Retrieving org/sonatype/oss/oss-parent/5/oss-parent-5.pom from central
Retrieving lein-garden/lein-garden/0.3.0/lein-garden-0.3.0.pom from clojars
Retrieving garden/garden/1.3.1/garden-1.3.1.pom from clojars
Retrieving com/yahoo/platform/yui/yuicompressor/2.4.8/yuicompressor-2.4.8.pom from central
Retrieving me/raynes/fs/1.4.6/fs-1.4.6.pom from clojars
Retrieving org/apache/commons/commons-compress/1.8/commons-compress-1.8.pom from central
Retrieving org/apache/commons/commons-parent/33/commons-parent-33.pom from central
Retrieving org/apache/apache/13/apache-13.pom from central
Retrieving org/tukaani/xz/1.5/xz-1.5.pom from central
Retrieving ns-tracker/ns-tracker/0.3.0/ns-tracker-0.3.0.pom from clojars
Retrieving org/clojure/clojure/1.5.1/clojure-1.5.1.pom from central
Retrieving org/clojure/tools.namespace/0.2.10/tools.namespace-0.2.10.pom from central
Retrieving org/clojure/java.classpath/0.2.2/java.classpath-0.2.2.pom from central
Retrieving lein-environ/lein-environ/1.1.0/lein-environ-1.1.0.pom from clojars
Retrieving lein-cljfmt/lein-cljfmt/0.6.8/lein-cljfmt-0.6.8.pom from clojars
Retrieving cljfmt/cljfmt/0.6.8/cljfmt-0.6.8.pom from clojars
Retrieving org/clojure/clojure/1.8.0/clojure-1.8.0.pom from central
Retrieving org/clojure/tools.cli/0.4.2/tools.cli-0.4.2.pom from central
Retrieving org/clojure/pom.contrib/0.2.2/pom.contrib-0.2.2.pom from central
Retrieving org/clojure/tools.reader/1.3.2/tools.reader-1.3.2.pom from central
Retrieving com/googlecode/java-diff-utils/diffutils/1.3.0/diffutils-1.3.0.pom from central
Retrieving rewrite-clj/rewrite-clj/0.6.1/rewrite-clj-0.6.1.pom from clojars
Retrieving org/clojure/tools.reader/1.2.2/tools.reader-1.2.2.pom from central
Retrieving rewrite-cljs/rewrite-cljs/0.4.4/rewrite-cljs-0.4.4.pom from clojars
Retrieving org/clojure/clojure/1.7.0/clojure-1.7.0.pom from central
Retrieving org/clojure/clojurescript/1.7.228/clojurescript-1.7.228.pom from central
Retrieving com/google/javascript/closure-compiler/v20151216/closure-compiler-v20151216.pom from central
Retrieving com/google/javascript/closure-compiler-parent/v20151216/closure-compiler-parent-v20151216.pom from central
Retrieving org/sonatype/oss/oss-parent/9/oss-parent-9.pom from central
Retrieving org/clojure/google-closure-library/0.0-20151016-61277aea/google-closure-library-0.0-20151016-61277aea.pom from central
Retrieving org/clojure/google-closure-library-third-party/0.0-20151016-61277aea/google-closure-library-third-party-0.0-20151016-61277aea.pom from central
Retrieving org/clojure/data.json/0.2.6/data.json-0.2.6.pom from central
Retrieving org/mozilla/rhino/1.7R5/rhino-1.7R5.pom from central
Retrieving org/clojure/tools.reader/1.0.0-alpha1/tools.reader-1.0.0-alpha1.pom from central
Retrieving org/clojure/tools.reader/1.0.5/tools.reader-1.0.5.pom from central
Retrieving lein-kibit/lein-kibit/0.1.8/lein-kibit-0.1.8.pom from clojars
Retrieving org/clojure/tools.namespace/0.2.11/tools.namespace-0.2.11.pom from central
Retrieving jonase/kibit/0.1.8/kibit-0.1.8.pom from clojars
Retrieving org/clojure/core.logic/0.8.11/core.logic-0.8.11.pom from central
Retrieving rewrite-clj/rewrite-clj/0.4.12/rewrite-clj-0.4.12.pom from clojars
Retrieving org/clojure/tools.reader/0.8.13/tools.reader-0.8.13.pom from central
Retrieving org/clojure/tools.reader/1.0.2/tools.reader-1.0.2.pom from central
Retrieving org/clojure/clojure/1.6.0/clojure-1.6.0.jar from central
Retrieving org/apache/commons/commons-compress/1.3/commons-compress-1.3.jar from central
Retrieving org/clojure/tools.cli/0.3.5/tools.cli-0.3.5.jar from central
Retrieving com/yahoo/platform/yui/yuicompressor/2.4.8/yuicompressor-2.4.8.jar from central
Retrieving org/clojure/java.classpath/0.2.2/java.classpath-0.2.2.jar from central
Retrieving org/clojure/tools.reader/1.3.2/tools.reader-1.3.2.jar from central
Retrieving com/googlecode/java-diff-utils/diffutils/1.3.0/diffutils-1.3.0.jar from central
Retrieving org/clojure/clojurescript/1.7.228/clojurescript-1.7.228.jar from central
Retrieving com/google/javascript/closure-compiler/v20151216/closure-compiler-v20151216.jar from central
Retrieving org/clojure/google-closure-library/0.0-20151016-61277aea/google-closure-library-0.0-20151016-61277aea.jar from central
Retrieving org/clojure/google-closure-library-third-party/0.0-20151016-61277aea/google-closure-library-third-party-0.0-20151016-61277aea.jar from central
Retrieving org/clojure/data.json/0.2.6/data.json-0.2.6.jar from central
Retrieving org/mozilla/rhino/1.7R5/rhino-1.7R5.jar from central
Retrieving org/clojure/tools.namespace/0.2.11/tools.namespace-0.2.11.jar from central
Retrieving org/clojure/core.logic/0.8.11/core.logic-0.8.11.jar from central
Retrieving lein-figwheel/lein-figwheel/0.5.19/lein-figwheel-0.5.19.jar from clojars
Retrieving lein-cljsbuild/lein-cljsbuild/1.1.7/lein-cljsbuild-1.1.7.jar from clojars
Retrieving lein-garden/lein-garden/0.3.0/lein-garden-0.3.0.jar from clojars
Retrieving lein-localrepo/lein-localrepo/0.5.4/lein-localrepo-0.5.4.jar from clojars
Retrieving simple-lein-profile-merge/simple-lein-profile-merge/0.1.4/simple-lein-profile-merge-0.1.4.jar from clojars
Retrieving fs/fs/1.1.2/fs-1.1.2.jar from clojars
Retrieving me/raynes/fs/1.4.6/fs-1.4.6.jar from clojars
Retrieving garden/garden/1.3.1/garden-1.3.1.jar from clojars
Retrieving ns-tracker/ns-tracker/0.3.0/ns-tracker-0.3.0.jar from clojars
Retrieving lein-cljfmt/lein-cljfmt/0.6.8/lein-cljfmt-0.6.8.jar from clojars
Retrieving lein-environ/lein-environ/1.1.0/lein-environ-1.1.0.jar from clojars
Retrieving cljfmt/cljfmt/0.6.8/cljfmt-0.6.8.jar from clojars
Retrieving rewrite-clj/rewrite-clj/0.6.1/rewrite-clj-0.6.1.jar from clojars
Retrieving lein-kibit/lein-kibit/0.1.8/lein-kibit-0.1.8.jar from clojars
Retrieving rewrite-cljs/rewrite-cljs/0.4.4/rewrite-cljs-0.4.4.jar from clojars
Retrieving jonase/kibit/0.1.8/kibit-0.1.8.jar from clojars
Retrieving org/clojure/clojure/1.11.4/clojure-1.11.4.pom from central
Retrieving org/clojure/spec.alpha/0.3.218/spec.alpha-0.3.218.pom from central
Retrieving org/clojure/pom.contrib/1.1.0/pom.contrib-1.1.0.pom from central
Retrieving org/clojure/core.specs.alpha/0.2.62/core.specs.alpha-0.2.62.pom from central
Retrieving org/clojure/test.check/1.1.1/test.check-1.1.1.pom from central
Retrieving org/clojure/clojure/1.9.0/clojure-1.9.0.pom from central
Retrieving org/clojure/spec.alpha/0.1.143/spec.alpha-0.1.143.pom from central
Retrieving org/clojure/core.specs.alpha/0.1.24/core.specs.alpha-0.1.24.pom from central
Retrieving org/clojure/clojurescript/1.11.132/clojurescript-1.11.132.pom from central
Retrieving org/clojure/clojure/1.10.0/clojure-1.10.0.pom from central
Retrieving org/clojure/spec.alpha/0.2.176/spec.alpha-0.2.176.pom from central
Retrieving org/clojure/core.specs.alpha/0.2.44/core.specs.alpha-0.2.44.pom from central
Retrieving com/google/javascript/closure-compiler-unshaded/v20220502/closure-compiler-unshaded-v20220502.pom from central
Retrieving com/google/javascript/closure-compiler-main/v20220502/closure-compiler-main-v20220502.pom from central
Retrieving com/google/javascript/closure-compiler-parent/v20220502/closure-compiler-parent-v20220502.pom from central
Retrieving org/clojure/google-closure-library/0.0-20230227-c7c0a541/google-closure-library-0.0-20230227-c7c0a541.pom from central
Retrieving org/clojure/google-closure-library-third-party/0.0-20230227-c7c0a541/google-closure-library-third-party-0.0-20230227-c7c0a541.pom from central
Retrieving org/clojure/tools.reader/1.3.6/tools.reader-1.3.6.pom from central
Retrieving com/cognitect/transit-java/1.0.362/transit-java-1.0.362.pom from central
Retrieving com/fasterxml/jackson/core/jackson-core/2.8.7/jackson-core-2.8.7.pom from central
Retrieving com/fasterxml/jackson/jackson-parent/2.8/jackson-parent-2.8.pom from central
Retrieving com/fasterxml/oss-parent/27/oss-parent-27.pom from central
Retrieving org/msgpack/msgpack/0.6.12/msgpack-0.6.12.pom from central
Retrieving com/googlecode/json-simple/json-simple/1.1.1/json-simple-1.1.1.pom from central
Retrieving org/javassist/javassist/3.18.1-GA/javassist-3.18.1-GA.pom from central
Retrieving javax/xml/bind/jaxb-api/2.3.0/jaxb-api-2.3.0.pom from central
Retrieving javax/xml/bind/jaxb-api-parent/2.3.0/jaxb-api-parent-2.3.0.pom from central
Retrieving net/java/jvnet-parent/5/jvnet-parent-5.pom from central
Retrieving org/clojure/core.async/1.8.741/core.async-1.8.741.pom from central
Retrieving org/clojure/tools.analyzer.jvm/1.3.2/tools.analyzer.jvm-1.3.2.pom from central
Retrieving org/clojure/tools.analyzer/1.2.0/tools.analyzer-1.2.0.pom from central
Retrieving org/clojure/core.memoize/1.1.266/core.memoize-1.1.266.pom from central
Retrieving org/clojure/core.cache/1.1.234/core.cache-1.1.234.pom from central
Retrieving org/clojure/data.priority-map/1.2.0/data.priority-map-1.2.0.pom from central
Retrieving org/ow2/asm/asm/9.2/asm-9.2.pom from central
Retrieving org/ow2/ow2/1.5/ow2-1.5.pom from central
Retrieving org/clojure/tools.reader/1.5.0/tools.reader-1.5.0.pom from central
Retrieving cljsjs/react/16.6.0-0/react-16.6.0-0.pom from clojars
Retrieving cljsjs/react-dom/16.6.0-0/react-dom-16.6.0-0.pom from clojars
Retrieving cljsjs/filesaverjs/1.3.3-0/filesaverjs-1.3.3-0.pom from clojars
Retrieving com/cognitect/transit-cljs/0.8.256/transit-cljs-0.8.256.pom from central
Retrieving com/cognitect/transit-js/0.8.846/transit-js-0.8.846.pom from central
Retrieving cljs-http/cljs-http/0.1.45/cljs-http-0.1.45.pom from clojars
Retrieving noencore/noencore/0.3.3/noencore-0.3.3.pom from clojars
Retrieving commons-codec/commons-codec/1.10/commons-codec-1.10.pom from central
Retrieving org/apache/commons/commons-parent/35/commons-parent-35.pom from central
Retrieving org/apache/apache/15/apache-15.pom from central
Retrieving org/clojure/core.async/0.3.442/core.async-0.3.442.pom from central
Retrieving org/clojure/pom.contrib/0.2.0/pom.contrib-0.2.0.pom from central
Retrieving org/clojure/tools.analyzer.jvm/0.7.0/tools.analyzer.jvm-0.7.0.pom from central
Retrieving org/clojure/tools.analyzer/0.6.9/tools.analyzer-0.6.9.pom from central
Retrieving org/clojure/core.memoize/0.5.9/core.memoize-0.5.9.pom from central
Retrieving org/clojure/core.cache/0.6.5/core.cache-0.6.5.pom from central
Retrieving org/clojure/data.priority-map/0.0.7/data.priority-map-0.0.7.pom from central
Retrieving org/ow2/asm/asm-all/4.2/asm-all-4.2.pom from central
Retrieving org/ow2/asm/asm-parent/4.2/asm-parent-4.2.pom from central
Retrieving org/ow2/ow2/1.3/ow2-1.3.pom from central
Retrieving org/clojure/tools.reader/1.0.0-beta4/tools.reader-1.0.0-beta4.pom from central
Retrieving com/cognitect/transit-cljs/0.8.239/transit-cljs-0.8.239.pom from central
Retrieving com/andrewmcveigh/cljs-time/0.5.2/cljs-time-0.5.2.pom from clojars
Retrieving clojure/java-time/clojure.java-time/1.4.2/clojure.java-time-1.4.2.pom from clojars
Retrieving clj-http/clj-http/3.12.3/clj-http-3.12.3.pom from clojars
Retrieving org/apache/httpcomponents/httpcore/4.4.14/httpcore-4.4.14.pom from central
Retrieving org/apache/httpcomponents/httpcomponents-core/4.4.14/httpcomponents-core-4.4.14.pom from central
Retrieving org/apache/httpcomponents/httpcomponents-parent/11/httpcomponents-parent-11.pom from central
Retrieving org/apache/apache/21/apache-21.pom from central
Retrieving org/apache/httpcomponents/httpclient/4.5.13/httpclient-4.5.13.pom from central
Retrieving org/apache/httpcomponents/httpcomponents-client/4.5.13/httpcomponents-client-4.5.13.pom from central
Retrieving org/apache/httpcomponents/httpcore/4.4.13/httpcore-4.4.13.pom from central
Retrieving org/apache/httpcomponents/httpcomponents-core/4.4.13/httpcomponents-core-4.4.13.pom from central
Retrieving commons-logging/commons-logging/1.2/commons-logging-1.2.pom from central
Retrieving org/apache/commons/commons-parent/34/commons-parent-34.pom from central
Retrieving commons-codec/commons-codec/1.11/commons-codec-1.11.pom from central
Retrieving org/apache/commons/commons-parent/42/commons-parent-42.pom from central
Retrieving org/apache/apache/18/apache-18.pom from central
Retrieving org/apache/httpcomponents/httpclient-cache/4.5.13/httpclient-cache-4.5.13.pom from central
Retrieving org/apache/httpcomponents/httpasyncclient/4.1.4/httpasyncclient-4.1.4.pom from central
Retrieving org/apache/httpcomponents/httpcomponents-asyncclient/4.1.4/httpcomponents-asyncclient-4.1.4.pom from central
Retrieving org/apache/httpcomponents/project/7/project-7.pom from central
Retrieving org/apache/httpcomponents/httpcore/4.4.10/httpcore-4.4.10.pom from central
Retrieving org/apache/httpcomponents/httpcomponents-core/4.4.10/httpcomponents-core-4.4.10.pom from central
Retrieving org/apache/httpcomponents/httpcomponents-parent/10/httpcomponents-parent-10.pom from central
Retrieving org/apache/httpcomponents/httpcore-nio/4.4.10/httpcore-nio-4.4.10.pom from central
Retrieving org/apache/httpcomponents/httpclient/4.5.6/httpclient-4.5.6.pom from central
Retrieving org/apache/httpcomponents/httpcomponents-client/4.5.6/httpcomponents-client-4.5.6.pom from central
Retrieving org/apache/httpcomponents/httpmime/4.5.13/httpmime-4.5.13.pom from central
Retrieving commons-codec/commons-codec/1.15/commons-codec-1.15.pom from central
Retrieving org/apache/commons/commons-parent/52/commons-parent-52.pom from central
Retrieving org/apache/apache/23/apache-23.pom from central
Retrieving commons-io/commons-io/2.8.0/commons-io-2.8.0.pom from central
Retrieving slingshot/slingshot/0.12.2/slingshot-0.12.2.pom from clojars
Retrieving potemkin/potemkin/0.4.5/potemkin-0.4.5.pom from clojars
Retrieving clj-tuple/clj-tuple/0.2.2/clj-tuple-0.2.2.pom from clojars
Retrieving riddley/riddley/0.1.12/riddley-0.1.12.pom from clojars
Retrieving com/yetanalytics/ring-etag-middleware/0.1.1/ring-etag-middleware-0.1.1.pom from clojars
Retrieving pandect/pandect/0.6.0/pandect-0.6.0.pom from clojars
Retrieving org/clojure/core.match/1.1.1/core.match-1.1.1.pom from central
Retrieving org/clojure/pom.contrib/1.4.0/pom.contrib-1.4.0.pom from central
Retrieving re-frame/re-frame/1.3.0/re-frame-1.3.0.pom from clojars
Retrieving reagent/reagent/1.0.0/reagent-1.0.0.pom from clojars
Retrieving cljsjs/react/17.0.1-0/react-17.0.1-0.pom from clojars
Retrieving cljsjs/react-dom/17.0.1-0/react-dom-17.0.1-0.pom from clojars
Retrieving cljsjs/react-dom-server/17.0.1-0/react-dom-server-17.0.1-0.pom from clojars
Retrieving net/cgrand/macrovich/0.2.1/macrovich-0.2.1.pom from clojars
Retrieving org/clojure/tools.logging/1.1.0/tools.logging-1.1.0.pom from central
Retrieving reagent/reagent/1.2.0/reagent-1.2.0.pom from clojars
Retrieving garden/garden/1.3.10/garden-1.3.10.pom from clojars
Retrieving org/apache/pdfbox/pdfbox/3.0.6/pdfbox-3.0.6.pom from central
Retrieving org/apache/pdfbox/pdfbox-parent/3.0.6/pdfbox-parent-3.0.6.pom from central
Retrieving org/apache/apache/35/apache-35.pom from central
Retrieving org/apache/pdfbox/pdfbox-io/3.0.6/pdfbox-io-3.0.6.pom from central
Retrieving commons-logging/commons-logging/1.3.5/commons-logging-1.3.5.pom from central
Retrieving org/apache/commons/commons-parent/81/commons-parent-81.pom from central
Retrieving org/apache/apache/33/apache-33.pom from central
Retrieving org/junit/junit-bom/5.11.4/junit-bom-5.11.4.pom from central
Retrieving org/apache/pdfbox/fontbox/3.0.6/fontbox-3.0.6.pom from central
Retrieving io/pedestal/pedestal.service/0.7.2/pedestal.service-0.7.2.pom from clojars
Retrieving org/clojure/clojure/1.11.2/clojure-1.11.2.pom from central
Retrieving commons-codec/commons-codec/1.16.1/commons-codec-1.16.1.pom from central
Retrieving org/apache/commons/commons-parent/66/commons-parent-66.pom from central
Retrieving org/apache/apache/31/apache-31.pom from central
Retrieving org/junit/junit-bom/5.10.1/junit-bom-5.10.1.pom from central
Retrieving io/pedestal/pedestal.log/0.7.2/pedestal.log-0.7.2.pom from clojars
Retrieving io/pedestal/pedestal.common/0.7.2/pedestal.common-0.7.2.pom from clojars
Retrieving org/clj-commons/pretty/3.0.0/pretty-3.0.0.pom from clojars
Retrieving org/clojure/clojure/1.11.3/clojure-1.11.3.pom from central
Retrieving io/dropwizard/metrics/metrics-core/4.2.19/metrics-core-4.2.19.pom from central
Retrieving io/dropwizard/metrics/metrics-parent/4.2.19/metrics-parent-4.2.19.pom from central
Retrieving org/slf4j/slf4j-api/1.7.36/slf4j-api-1.7.36.pom from central
Retrieving org/slf4j/slf4j-parent/1.7.36/slf4j-parent-1.7.36.pom from central
Retrieving io/opentracing/opentracing-api/0.33.0/opentracing-api-0.33.0.pom from central
Retrieving io/opentracing/parent/0.33.0/parent-0.33.0.pom from central
Retrieving io/pedestal/pedestal.telemetry/0.7.2/pedestal.telemetry-0.7.2.pom from clojars
Retrieving io/opentelemetry/opentelemetry-api/1.36.0/opentelemetry-api-1.36.0.pom from central
Retrieving io/opentelemetry/opentelemetry-context/1.36.0/opentelemetry-context-1.36.0.pom from central
Retrieving io/opentracing/opentracing-util/0.33.0/opentracing-util-0.33.0.pom from central
Retrieving io/opentracing/opentracing-noop/0.33.0/opentracing-noop-0.33.0.pom from central
Retrieving org/slf4j/slf4j-api/2.0.12/slf4j-api-2.0.12.pom from central
Retrieving org/slf4j/slf4j-parent/2.0.12/slf4j-parent-2.0.12.pom from central
Retrieving org/slf4j/slf4j-bom/2.0.12/slf4j-bom-2.0.12.pom from central
Retrieving io/dropwizard/metrics/metrics-jmx/4.2.19/metrics-jmx-4.2.19.pom from central
Retrieving io/dropwizard/metrics/metrics-bom/4.2.19/metrics-bom-4.2.19.pom from central
Retrieving io/pedestal/pedestal.interceptor/0.7.2/pedestal.interceptor-0.7.2.pom from clojars
Retrieving org/clojure/core.async/1.6.681/core.async-1.6.681.pom from central
Retrieving org/clojure/tools.analyzer.jvm/1.2.3/tools.analyzer.jvm-1.2.3.pom from central
Retrieving org/clojure/tools.analyzer/1.1.1/tools.analyzer-1.1.1.pom from central
Retrieving org/clojure/core.memoize/1.0.253/core.memoize-1.0.253.pom from central
Retrieving org/clojure/core.cache/1.0.225/core.cache-1.0.225.pom from central
Retrieving org/clojure/data.priority-map/1.1.0/data.priority-map-1.1.0.pom from central
Retrieving com/cognitect/transit-clj/1.0.333/transit-clj-1.0.333.pom from central
Retrieving com/cognitect/transit-java/1.0.371/transit-java-1.0.371.pom from central
Retrieving com/fasterxml/jackson/core/jackson-core/2.14.2/jackson-core-2.14.2.pom from central
Retrieving com/fasterxml/jackson/jackson-base/2.14.2/jackson-base-2.14.2.pom from central
Retrieving com/fasterxml/jackson/jackson-bom/2.14.2/jackson-bom-2.14.2.pom from central
Retrieving com/fasterxml/jackson/jackson-parent/2.14/jackson-parent-2.14.pom from central
Retrieving com/fasterxml/oss-parent/48/oss-parent-48.pom from central
Retrieving javax/xml/bind/jaxb-api/2.4.0-b180830.0359/jaxb-api-2.4.0-b180830.0359.pom from central
Retrieving javax/xml/bind/jaxb-api-parent/2.4.0-b180830.0359/jaxb-api-parent-2.4.0-b180830.0359.pom from central
Retrieving javax/activation/javax.activation-api/1.2.0/javax.activation-api-1.2.0.pom from central
Retrieving com/sun/activation/all/1.2.0/all-1.2.0.pom from central
Retrieving net/java/jvnet-parent/1/jvnet-parent-1.pom from central
Retrieving crypto-random/crypto-random/1.2.1/crypto-random-1.2.1.pom from clojars
Retrieving crypto-equality/crypto-equality/1.0.1/crypto-equality-1.0.1.pom from clojars
Retrieving cheshire/cheshire/5.12.0/cheshire-5.12.0.pom from clojars
Retrieving com/fasterxml/jackson/core/jackson-core/2.15.2/jackson-core-2.15.2.pom from central
Retrieving com/fasterxml/jackson/jackson-base/2.15.2/jackson-base-2.15.2.pom from central
Retrieving com/fasterxml/jackson/jackson-bom/2.15.2/jackson-bom-2.15.2.pom from central
Retrieving com/fasterxml/jackson/jackson-parent/2.15/jackson-parent-2.15.pom from central
Retrieving com/fasterxml/oss-parent/50/oss-parent-50.pom from central
Retrieving org/junit/junit-bom/5.9.2/junit-bom-5.9.2.pom from central
Retrieving com/fasterxml/jackson/dataformat/jackson-dataformat-smile/2.15.2/jackson-dataformat-smile-2.15.2.pom from central
Retrieving com/fasterxml/jackson/dataformat/jackson-dataformats-binary/2.15.2/jackson-dataformats-binary-2.15.2.pom from central
Retrieving com/fasterxml/jackson/dataformat/jackson-dataformat-cbor/2.15.2/jackson-dataformat-cbor-2.15.2.pom from central
Retrieving tigris/tigris/0.1.2/tigris-0.1.2.pom from clojars
Retrieving org/clojure/tools.reader/1.4.1/tools.reader-1.4.1.pom from central
Retrieving io/pedestal/pedestal.route/0.7.2/pedestal.route-0.7.2.pom from clojars
Retrieving ring/ring-core/1.12.0/ring-core-1.12.0.pom from clojars
Retrieving org/ring-clojure/ring-core-protocols/1.12.0/ring-core-protocols-1.12.0.pom from clojars
Retrieving org/ring-clojure/ring-websocket-protocols/1.12.0/ring-websocket-protocols-1.12.0.pom from clojars
Retrieving ring/ring-codec/1.2.0/ring-codec-1.2.0.pom from clojars
Retrieving commons-io/commons-io/2.15.1/commons-io-2.15.1.pom from central
Retrieving org/apache/commons/commons-parent/65/commons-parent-65.pom from central
Retrieving org/apache/commons/commons-fileupload2-core/2.0.0-M1/commons-fileupload2-core-2.0.0-M1.pom from central
Retrieving org/apache/commons/commons-fileupload2/2.0.0-M1/commons-fileupload2-2.0.0-M1.pom from central
Retrieving org/apache/commons/commons-parent/58/commons-parent-58.pom from central
Retrieving org/apache/apache/29/apache-29.pom from central
Retrieving org/junit/junit-bom/5.9.3/junit-bom-5.9.3.pom from central
Retrieving commons-io/commons-io/2.13.0/commons-io-2.13.0.pom from central
Retrieving io/pedestal/pedestal.jetty/0.7.2/pedestal.jetty-0.7.2.pom from clojars
Retrieving org/eclipse/jetty/jetty-servlet/11.0.20/jetty-servlet-11.0.20.pom from central
Retrieving org/eclipse/jetty/jetty-project/11.0.20/jetty-project-11.0.20.pom from central
Retrieving com/fasterxml/jackson/jackson-bom/2.16.1/jackson-bom-2.16.1.pom from central
Retrieving com/fasterxml/jackson/jackson-parent/2.16/jackson-parent-2.16.pom from central
Retrieving com/fasterxml/oss-parent/56/oss-parent-56.pom from central
Retrieving org/infinispan/infinispan-bom/11.0.18.Final/infinispan-bom-11.0.18.Final.pom from central
Retrieving org/infinispan/infinispan-build-configuration-parent/11.0.18.Final/infinispan-build-configuration-parent-11.0.18.Final.pom from central
Retrieving org/jboss/jboss-parent/36/jboss-parent-36.pom from central
Retrieving org/ow2/asm/asm-bom/9.6/asm-bom-9.6.pom from central
Retrieving org/ow2/ow2/1.5.1/ow2-1.5.1.pom from central
Retrieving org/testcontainers/testcontainers-bom/1.19.4/testcontainers-bom-1.19.4.pom from central
Retrieving org/eclipse/jetty/jetty-security/11.0.20/jetty-security-11.0.20.pom from central
Retrieving org/eclipse/jetty/jetty-server/11.0.20/jetty-server-11.0.20.pom from central
Retrieving org/eclipse/jetty/jetty-http/11.0.20/jetty-http-11.0.20.pom from central
Retrieving org/eclipse/jetty/jetty-io/11.0.20/jetty-io-11.0.20.pom from central
Retrieving org/eclipse/jetty/jetty-util/11.0.20/jetty-util-11.0.20.pom from central
Retrieving org/slf4j/slf4j-api/2.0.9/slf4j-api-2.0.9.pom from central
Retrieving org/slf4j/slf4j-parent/2.0.9/slf4j-parent-2.0.9.pom from central
Retrieving org/slf4j/slf4j-bom/2.0.9/slf4j-bom-2.0.9.pom from central
Retrieving org/eclipse/jetty/toolchain/jetty-jakarta-servlet-api/5.0.2/jetty-jakarta-servlet-api-5.0.2.pom from central
Retrieving org/eclipse/jetty/toolchain/jetty-toolchain/1.6/jetty-toolchain-1.6.pom from central
Retrieving org/eclipse/jetty/http2/http2-server/11.0.20/http2-server-11.0.20.pom from central
Retrieving org/eclipse/jetty/http2/http2-parent/11.0.20/http2-parent-11.0.20.pom from central
Retrieving org/eclipse/jetty/http2/http2-common/11.0.20/http2-common-11.0.20.pom from central
Retrieving org/eclipse/jetty/http2/http2-hpack/11.0.20/http2-hpack-11.0.20.pom from central
Retrieving org/eclipse/jetty/websocket/websocket-jakarta-server/11.0.20/websocket-jakarta-server-11.0.20.pom from central
Retrieving org/eclipse/jetty/websocket/websocket-parent/11.0.20/websocket-parent-11.0.20.pom from central
Retrieving org/eclipse/jetty/jetty-annotations/11.0.20/jetty-annotations-11.0.20.pom from central
Retrieving jakarta/annotation/jakarta.annotation-api/2.1.1/jakarta.annotation-api-2.1.1.pom from central
Retrieving org/eclipse/ee4j/project/1.0.7/project-1.0.7.pom from central
Retrieving org/eclipse/jetty/jetty-plus/11.0.20/jetty-plus-11.0.20.pom from central
Retrieving jakarta/transaction/jakarta.transaction-api/2.0.0/jakarta.transaction-api-2.0.0.pom from central
Retrieving org/eclipse/ee4j/project/1.0.6/project-1.0.6.pom from central
Retrieving org/eclipse/jetty/jetty-jndi/11.0.20/jetty-jndi-11.0.20.pom from central
Retrieving org/eclipse/jetty/jetty-webapp/11.0.20/jetty-webapp-11.0.20.pom from central
Retrieving org/eclipse/jetty/jetty-xml/11.0.20/jetty-xml-11.0.20.pom from central
Retrieving org/ow2/asm/asm/9.6/asm-9.6.pom from central
Retrieving org/ow2/asm/asm-commons/9.6/asm-commons-9.6.pom from central
Retrieving org/ow2/asm/asm-tree/9.6/asm-tree-9.6.pom from central
Retrieving org/eclipse/jetty/toolchain/jetty-jakarta-websocket-api/2.0.0/jetty-jakarta-websocket-api-2.0.0.pom from central
Retrieving org/eclipse/jetty/toolchain/jetty-toolchain/1.7/jetty-toolchain-1.7.pom from central
Retrieving org/eclipse/jetty/websocket/websocket-jakarta-client/11.0.20/websocket-jakarta-client-11.0.20.pom from central
Retrieving org/eclipse/jetty/jetty-client/11.0.20/jetty-client-11.0.20.pom from central
Retrieving org/eclipse/jetty/jetty-alpn-client/11.0.20/jetty-alpn-client-11.0.20.pom from central
Retrieving org/eclipse/jetty/jetty-alpn-parent/11.0.20/jetty-alpn-parent-11.0.20.pom from central
Retrieving org/eclipse/jetty/websocket/websocket-core-client/11.0.20/websocket-core-client-11.0.20.pom from central
Retrieving org/eclipse/jetty/websocket/websocket-core-common/11.0.20/websocket-core-common-11.0.20.pom from central
Retrieving org/eclipse/jetty/websocket/websocket-jakarta-common/11.0.20/websocket-jakarta-common-11.0.20.pom from central
Retrieving org/eclipse/jetty/websocket/websocket-servlet/11.0.20/websocket-servlet-11.0.20.pom from central
Retrieving org/eclipse/jetty/websocket/websocket-core-server/11.0.20/websocket-core-server-11.0.20.pom from central
Retrieving org/eclipse/jetty/jetty-alpn-server/11.0.20/jetty-alpn-server-11.0.20.pom from central
Retrieving io/pedestal/pedestal.error/0.7.2/pedestal.error-0.7.2.pom from clojars
Retrieving org/clojure/clojure/1.11.1/clojure-1.11.1.pom from central
Retrieving org/clojure/core.match/1.1.0/core.match-1.1.0.pom from central
Retrieving org/clojure/clojure/1.10.3/clojure-1.10.3.pom from central
Retrieving org/clojure/spec.alpha/0.2.194/spec.alpha-0.2.194.pom from central
Retrieving org/clojure/pom.contrib/0.3.0/pom.contrib-0.3.0.pom from central
Retrieving org/clojure/core.specs.alpha/0.2.56/core.specs.alpha-0.2.56.pom from central
Retrieving org/clojure/data.json/2.5.0/data.json-2.5.0.pom from central
Retrieving org/slf4j/slf4j-simple/1.7.21/slf4j-simple-1.7.21.pom from central
Retrieving org/slf4j/slf4j-parent/1.7.21/slf4j-parent-1.7.21.pom from central
Retrieving org/slf4j/slf4j-api/1.7.21/slf4j-api-1.7.21.pom from central
Retrieving buddy/buddy-auth/3.0.323/buddy-auth-3.0.323.pom from clojars
Retrieving clout/clout/2.2.1/clout-2.2.1.pom from clojars
Retrieving instaparse/instaparse/1.4.8/instaparse-1.4.8.pom from clojars
Retrieving buddy/buddy-sign/3.4.333/buddy-sign-3.4.333.pom from clojars
Retrieving buddy/buddy-core/1.10.413/buddy-core-1.10.413.pom from clojars
Retrieving org/bouncycastle/bcprov-jdk15on/1.70/bcprov-jdk15on-1.70.pom from central
Retrieving org/bouncycastle/bcpkix-jdk15on/1.70/bcpkix-jdk15on-1.70.pom from central
Retrieving org/bouncycastle/bcutil-jdk15on/1.70/bcutil-jdk15on-1.70.pom from central
Retrieving cheshire/cheshire/5.10.1/cheshire-5.10.1.pom from clojars
Retrieving com/fasterxml/jackson/core/jackson-core/2.12.4/jackson-core-2.12.4.pom from central
Retrieving com/fasterxml/jackson/jackson-base/2.12.4/jackson-base-2.12.4.pom from central
Retrieving com/fasterxml/jackson/jackson-bom/2.12.4/jackson-bom-2.12.4.pom from central
Retrieving com/fasterxml/jackson/jackson-parent/2.12/jackson-parent-2.12.pom from central
Retrieving com/fasterxml/oss-parent/41/oss-parent-41.pom from central
Retrieving com/fasterxml/jackson/dataformat/jackson-dataformat-smile/2.12.4/jackson-dataformat-smile-2.12.4.pom from central
Retrieving com/fasterxml/jackson/dataformat/jackson-dataformats-binary/2.12.4/jackson-dataformats-binary-2.12.4.pom from central
Retrieving com/fasterxml/jackson/core/jackson-databind/2.12.4/jackson-databind-2.12.4.pom from central
Retrieving com/fasterxml/jackson/core/jackson-annotations/2.12.4/jackson-annotations-2.12.4.pom from central
Retrieving com/fasterxml/jackson/dataformat/jackson-dataformat-cbor/2.12.4/jackson-dataformat-cbor-2.12.4.pom from central
Retrieving buddy/buddy-hashers/2.0.167/buddy-hashers-2.0.167.pom from clojars
Retrieving buddy/buddy-core/1.11.423/buddy-core-1.11.423.pom from clojars
Retrieving commons-codec/commons-codec/1.16.0/commons-codec-1.16.0.pom from central
Retrieving org/bouncycastle/bcpkix-jdk18on/1.75/bcpkix-jdk18on-1.75.pom from central
Retrieving org/bouncycastle/bcprov-jdk18on/1.75/bcprov-jdk18on-1.75.pom from central
Retrieving org/bouncycastle/bcutil-jdk18on/1.75/bcutil-jdk18on-1.75.pom from central
Retrieving cheshire/cheshire/5.11.0/cheshire-5.11.0.pom from clojars
Retrieving com/fasterxml/jackson/core/jackson-core/2.13.3/jackson-core-2.13.3.pom from central
Retrieving com/fasterxml/jackson/jackson-base/2.13.3/jackson-base-2.13.3.pom from central
Retrieving com/fasterxml/jackson/jackson-bom/2.13.3/jackson-bom-2.13.3.pom from central
Retrieving com/fasterxml/jackson/jackson-parent/2.13/jackson-parent-2.13.pom from central
Retrieving com/fasterxml/oss-parent/43/oss-parent-43.pom from central
Retrieving com/fasterxml/jackson/dataformat/jackson-dataformat-smile/2.13.3/jackson-dataformat-smile-2.13.3.pom from central
Retrieving com/fasterxml/jackson/dataformat/jackson-dataformats-binary/2.13.3/jackson-dataformats-binary-2.13.3.pom from central
Retrieving com/fasterxml/jackson/dataformat/jackson-dataformat-cbor/2.13.3/jackson-dataformat-cbor-2.13.3.pom from central
Retrieving clojurewerkz/scrypt/1.2.0/scrypt-1.2.0.pom from clojars
Retrieving com/lambdaworks/scrypt/1.4.0/scrypt-1.4.0.pom from central
Retrieving reloaded/repl/reloaded.repl/0.2.3/reloaded.repl-0.2.3.pom from clojars
Retrieving com/stuartsierra/component/0.2.3/component-0.2.3.pom from clojars
Retrieving com/stuartsierra/dependency/0.1.1/dependency-0.1.1.pom from clojars
Retrieving suspendable/suspendable/0.1.1/suspendable-0.1.1.pom from clojars
Retrieving bidi/bidi/2.1.6/bidi-2.1.6.pom from clojars
Retrieving prismatic/schema/1.1.7/schema-1.1.7.pom from clojars
Retrieving com/stuartsierra/component/1.1.0/component-1.1.0.pom from clojars
Retrieving com/stuartsierra/dependency/1.0.0/dependency-1.0.0.pom from clojars
Retrieving com/google/guava/guava/32.1.2-jre/guava-32.1.2-jre.pom from central
Retrieving com/google/guava/guava-parent/32.1.2-jre/guava-parent-32.1.2-jre.pom from central
Retrieving com/google/guava/failureaccess/1.0.1/failureaccess-1.0.1.pom from central
Retrieving com/google/guava/guava-parent/26.0-android/guava-parent-26.0-android.pom from central
Retrieving com/google/guava/listenablefuture/9999.0-empty-to-avoid-conflict-with-guava/listenablefuture-9999.0-empty-to-avoid-conflict-with-guava.pom from central
Retrieving com/google/code/findbugs/jsr305/3.0.2/jsr305-3.0.2.pom from central
Retrieving org/checkerframework/checker-qual/3.33.0/checker-qual-3.33.0.pom from central
Retrieving com/google/errorprone/error_prone_annotations/2.18.0/error_prone_annotations-2.18.0.pom from central
Retrieving com/google/errorprone/error_prone_parent/2.18.0/error_prone_parent-2.18.0.pom from central
Retrieving com/google/j2objc/j2objc-annotations/2.8/j2objc-annotations-2.8.pom from central
Retrieving com/fasterxml/jackson/core/jackson-databind/2.15.2/jackson-databind-2.15.2.pom from central
Retrieving com/fasterxml/jackson/core/jackson-annotations/2.15.2/jackson-annotations-2.15.2.pom from central
Retrieving hiccup/hiccup/2.0.0/hiccup-2.0.0.pom from clojars
Retrieving com/draines/postal/2.0.5/postal-2.0.5.pom from clojars
Retrieving commons-codec/commons-codec/1.9/commons-codec-1.9.pom from central
Retrieving org/apache/commons/commons-parent/32/commons-parent-32.pom from central
Retrieving com/sun/mail/jakarta.mail/1.6.5/jakarta.mail-1.6.5.pom from central
Retrieving com/sun/mail/all/1.6.5/all-1.6.5.pom from central
Retrieving com/sun/activation/jakarta.activation/1.2.1/jakarta.activation-1.2.1.pom from central
Retrieving com/sun/activation/all/1.2.1/all-1.2.1.pom from central
Retrieving org/eclipse/ee4j/project/1.0.2/project-1.0.2.pom from central
Retrieving environ/environ/1.2.0/environ-1.2.0.pom from clojars
Retrieving pdfkit-clj/pdfkit-clj/0.1.7/pdfkit-clj-0.1.7.pom from clojars
Retrieving enlive/enlive/1.1.2/enlive-1.1.2.pom from clojars
Retrieving org/clojure/clojure/1.2.0/clojure-1.2.0.pom from central
Retrieving org/ccil/cowan/tagsoup/tagsoup/1.2.1/tagsoup-1.2.1.pom from central
Retrieving org/jsoup/jsoup/1.7.2/jsoup-1.7.2.pom from central
Retrieving clj-http/clj-http/3.7.0/clj-http-3.7.0.pom from clojars
Retrieving org/apache/httpcomponents/httpcore/4.4.6/httpcore-4.4.6.pom from central
Retrieving org/apache/httpcomponents/httpcomponents-core/4.4.6/httpcomponents-core-4.4.6.pom from central
Retrieving org/apache/httpcomponents/httpclient/4.5.3/httpclient-4.5.3.pom from central
Retrieving org/apache/httpcomponents/httpcomponents-client/4.5.3/httpcomponents-client-4.5.3.pom from central
Retrieving org/apache/httpcomponents/httpasyncclient/4.1.3/httpasyncclient-4.1.3.pom from central
Retrieving org/apache/httpcomponents/httpcomponents-asyncclient/4.1.3/httpcomponents-asyncclient-4.1.3.pom from central
Retrieving org/apache/httpcomponents/httpcore-nio/4.4.6/httpcore-nio-4.4.6.pom from central
Retrieving org/apache/httpcomponents/httpmime/4.5.3/httpmime-4.5.3.pom from central
Retrieving commons-io/commons-io/2.5/commons-io-2.5.pom from central
Retrieving org/apache/commons/commons-parent/39/commons-parent-39.pom from central
Retrieving org/apache/apache/16/apache-16.pom from central
Retrieving potemkin/potemkin/0.4.3/potemkin-0.4.3.pom from clojars
Retrieving clj-time/clj-time/0.6.0/clj-time-0.6.0.pom from clojars
Retrieving joda-time/joda-time/2.2/joda-time-2.2.pom from central
Retrieving org/apache/commons/commons-lang3/3.1/commons-lang3-3.1.pom from central
Retrieving vvvvalvalval/datomock/0.2.0/datomock-0.2.0.pom from clojars
Retrieving funcool/cuerdas/2026.415/cuerdas-2026.415.pom from clojars
Retrieving org/clojure/clojure/1.12.0/clojure-1.12.0.pom from central
Retrieving camel-snake-kebab/camel-snake-kebab/0.4.0/camel-snake-kebab-0.4.0.pom from clojars
Retrieving org/webjars/font-awesome/5.13.1/font-awesome-5.13.1.pom from central
Retrieving binaryage/devtools/1.0.7/devtools-1.0.7.pom from clojars
Retrieving figwheel-sidecar/figwheel-sidecar/0.5.19/figwheel-sidecar-0.5.19.pom from clojars
Retrieving org/clojure/clojurescript/1.10.238/clojurescript-1.10.238.pom from central
Retrieving com/google/javascript/closure-compiler-unshaded/v20180204/closure-compiler-unshaded-v20180204.pom from central
Retrieving com/google/javascript/closure-compiler-main/v20180204/closure-compiler-main-v20180204.pom from central
Retrieving com/google/javascript/closure-compiler-parent/v20180204/closure-compiler-parent-v20180204.pom from central
Retrieving com/google/javascript/closure-compiler-externs/v20180204/closure-compiler-externs-v20180204.pom from central
Retrieving args4j/args4j/2.33/args4j-2.33.pom from central
Retrieving args4j/args4j-site/2.33/args4j-site-2.33.pom from central
Retrieving org/kohsuke/pom/14/pom-14.pom from central
Retrieving com/google/errorprone/error_prone_annotations/2.0.18/error_prone_annotations-2.0.18.pom from central
Retrieving com/google/errorprone/error_prone_parent/2.0.18/error_prone_parent-2.0.18.pom from central
Retrieving com/google/guava/guava/22.0/guava-22.0.pom from central
Retrieving com/google/guava/guava-parent/22.0/guava-parent-22.0.pom from central
Retrieving com/google/code/findbugs/jsr305/1.3.9/jsr305-1.3.9.pom from central
Retrieving com/google/j2objc/j2objc-annotations/1.1/j2objc-annotations-1.1.pom from central
Retrieving org/codehaus/mojo/animal-sniffer-annotations/1.14/animal-sniffer-annotations-1.14.pom from central
Retrieving org/codehaus/mojo/animal-sniffer-parent/1.14/animal-sniffer-parent-1.14.pom from central
Retrieving org/codehaus/mojo/mojo-parent/34/mojo-parent-34.pom from central
Retrieving org/codehaus/codehaus-parent/4/codehaus-parent-4.pom from central
Retrieving com/google/protobuf/protobuf-java/3.0.2/protobuf-java-3.0.2.pom from central
Retrieving com/google/protobuf/protobuf-parent/3.0.2/protobuf-parent-3.0.2.pom from central
Retrieving com/google/google/1/google-1.pom from central
Retrieving com/google/code/gson/gson/2.7/gson-2.7.pom from central
Retrieving com/google/code/gson/gson-parent/2.7/gson-parent-2.7.pom from central
Retrieving com/google/code/findbugs/jsr305/3.0.1/jsr305-3.0.1.pom from central
Retrieving com/google/jsinterop/jsinterop-annotations/1.0.0/jsinterop-annotations-1.0.0.pom from central
Retrieving com/google/jsinterop/jsinterop/1.0.0/jsinterop-1.0.0.pom from central
Retrieving org/sonatype/oss/oss-parent/4/oss-parent-4.pom from central
Retrieving org/clojure/google-closure-library/0.0-20170809-b9c14c6b/google-closure-library-0.0-20170809-b9c14c6b.pom from central
Retrieving org/clojure/google-closure-library-third-party/0.0-20170809-b9c14c6b/google-closure-library-third-party-0.0-20170809-b9c14c6b.pom from central
Retrieving org/clojure/tools.reader/1.3.0-alpha3/tools.reader-1.3.0-alpha3.pom from central
Retrieving com/cognitect/transit-clj/0.8.300/transit-clj-0.8.300.pom from central
Retrieving com/cognitect/transit-java/0.8.324/transit-java-0.8.324.pom from central
Retrieving org/clojure/core.async/0.4.474/core.async-0.4.474.pom from central
Retrieving com/stuartsierra/component/0.3.2/component-0.3.2.pom from clojars
Retrieving com/stuartsierra/dependency/0.2.0/dependency-0.2.0.pom from clojars
Retrieving http-kit/http-kit/2.3.0/http-kit-2.3.0.pom from clojars
Retrieving ring-cors/ring-cors/0.1.12/ring-cors-0.1.12.pom from clojars
Retrieving ring/ring-core/1.6.3/ring-core-1.6.3.pom from clojars
Retrieving ring/ring-codec/1.0.1/ring-codec-1.0.1.pom from clojars
Retrieving commons-codec/commons-codec/1.6/commons-codec-1.6.pom from central
Retrieving commons-fileupload/commons-fileupload/1.3.3/commons-fileupload-1.3.3.pom from central
Retrieving org/apache/commons/commons-parent/41/commons-parent-41.pom from central
Retrieving commons-io/commons-io/2.2/commons-io-2.2.pom from central
Retrieving org/apache/commons/commons-parent/24/commons-parent-24.pom from central
Retrieving clj-time/clj-time/0.11.0/clj-time-0.11.0.pom from clojars
Retrieving joda-time/joda-time/2.8.2/joda-time-2.8.2.pom from central
Retrieving crypto-random/crypto-random/1.2.0/crypto-random-1.2.0.pom from clojars
Retrieving crypto-equality/crypto-equality/1.0.0/crypto-equality-1.0.0.pom from clojars
Retrieving co/deps/ring-etag-middleware/0.2.0/ring-etag-middleware-0.2.0.pom from clojars
Retrieving org/clojure/clojure/1.3.0/clojure-1.3.0.pom from central
Retrieving org/clojure/clojure/1.2.1/clojure-1.2.1.pom from central
Retrieving clj-stacktrace/clj-stacktrace/0.2.8/clj-stacktrace-0.2.8.pom from clojars
Retrieving figwheel/figwheel/0.5.19/figwheel-0.5.19.pom from clojars
Retrieving hawk/hawk/0.2.11/hawk-0.2.11.pom from clojars
Retrieving net/incongru/watchservice/barbary-watchservice/1.0/barbary-watchservice-1.0.pom from central
Retrieving net/java/dev/jna/jna/3.2.2/jna-3.2.2.pom from central
Retrieving nrepl/nrepl/0.5.3/nrepl-0.5.3.pom from clojars
Retrieving nrepl/bencode/1.0.0/bencode-1.0.0.pom from clojars
Retrieving strictly-specking-standalone/strictly-specking-standalone/0.1.1/strictly-specking-standalone-0.1.1.pom from clojars
Retrieving net/cgrand/parsley/0.9.3/parsley-0.9.3.pom from clojars
Retrieving net/cgrand/regex/1.1.0/regex-1.1.0.pom from clojars
Retrieving net/cgrand/sjacket/0.1.1/sjacket-0.1.1.pom from clojars
Retrieving cider/piggieback/0.5.3/piggieback-0.5.3.pom from clojars
Retrieving day8/re-frame/re-frame-10x/1.9.9/re-frame-10x-1.9.9.pom from clojars
Retrieving binaryage/devtools/1.0.6/devtools-1.0.6.pom from clojars
Retrieving zprint/zprint/1.2.7/zprint-1.2.7.pom from clojars
Retrieving org/babashka/sci/0.7.39/sci-0.7.39.pom from clojars
Retrieving borkdude/sci.impl.reflector/0.0.1/sci.impl.reflector-0.0.1.pom from clojars
Retrieving borkdude/edamame/1.1.17/edamame-1.1.17.pom from clojars
Retrieving org/clojure/tools.reader/1.3.4/tools.reader-1.3.4.pom from central
Retrieving org/babashka/sci.impl.types/0.0.2/sci.impl.types-0.0.2.pom from clojars
Retrieving rewrite-clj/rewrite-clj/1.1.47/rewrite-clj-1.1.47.pom from clojars
Retrieving mvxcvi/arrangement/2.1.0/arrangement-2.1.0.pom from clojars
Retrieving org/clojure/tools.logging/1.2.4/tools.logging-1.2.4.pom from central
Retrieving org/clojure/clojure/1.11.4/clojure-1.11.4.jar from central
Retrieving org/clojure/spec.alpha/0.3.218/spec.alpha-0.3.218.jar from central
Retrieving org/clojure/clojurescript/1.11.132/clojurescript-1.11.132.jar from central
Retrieving org/clojure/core.specs.alpha/0.2.62/core.specs.alpha-0.2.62.jar from central
Retrieving org/clojure/test.check/1.1.1/test.check-1.1.1.jar from central
Retrieving com/google/javascript/closure-compiler-unshaded/v20220502/closure-compiler-unshaded-v20220502.jar from central
Retrieving org/clojure/google-closure-library/0.0-20230227-c7c0a541/google-closure-library-0.0-20230227-c7c0a541.jar from central
Retrieving org/clojure/google-closure-library-third-party/0.0-20230227-c7c0a541/google-closure-library-third-party-0.0-20230227-c7c0a541.jar from central
Retrieving org/clojure/tools.reader/1.3.6/tools.reader-1.3.6.jar from central
Retrieving com/cognitect/transit-java/1.0.362/transit-java-1.0.362.jar from central
Retrieving org/msgpack/msgpack/0.6.12/msgpack-0.6.12.jar from central
Retrieving com/googlecode/json-simple/json-simple/1.1.1/json-simple-1.1.1.jar from central
Retrieving org/javassist/javassist/3.18.1-GA/javassist-3.18.1-GA.jar from central
Retrieving javax/xml/bind/jaxb-api/2.3.0/jaxb-api-2.3.0.jar from central
Retrieving org/clojure/tools.analyzer.jvm/1.3.2/tools.analyzer.jvm-1.3.2.jar from central
Retrieving org/clojure/core.async/1.8.741/core.async-1.8.741.jar from central
Retrieving org/clojure/tools.analyzer/1.2.0/tools.analyzer-1.2.0.jar from central
Retrieving org/clojure/core.cache/1.1.234/core.cache-1.1.234.jar from central
Retrieving org/clojure/core.memoize/1.1.266/core.memoize-1.1.266.jar from central
Retrieving org/clojure/data.priority-map/1.2.0/data.priority-map-1.2.0.jar from central
Retrieving org/ow2/asm/asm/9.2/asm-9.2.jar from central
Retrieving com/cognitect/transit-cljs/0.8.256/transit-cljs-0.8.256.jar from central
Retrieving com/cognitect/transit-js/0.8.846/transit-js-0.8.846.jar from central
Retrieving org/apache/httpcomponents/httpcore/4.4.14/httpcore-4.4.14.jar from central
Retrieving org/apache/httpcomponents/httpclient/4.5.13/httpclient-4.5.13.jar from central
Retrieving org/apache/httpcomponents/httpclient-cache/4.5.13/httpclient-cache-4.5.13.jar from central
Retrieving org/apache/httpcomponents/httpasyncclient/4.1.4/httpasyncclient-4.1.4.jar from central
Retrieving org/apache/httpcomponents/httpcore-nio/4.4.10/httpcore-nio-4.4.10.jar from central
Retrieving org/apache/httpcomponents/httpmime/4.5.13/httpmime-4.5.13.jar from central
Retrieving commons-codec/commons-codec/1.15/commons-codec-1.15.jar from central
Retrieving org/clojure/core.match/1.1.1/core.match-1.1.1.jar from central
Retrieving org/clojure/tools.logging/1.1.0/tools.logging-1.1.0.jar from central
Retrieving org/apache/pdfbox/pdfbox/3.0.6/pdfbox-3.0.6.jar from central
Retrieving commons-logging/commons-logging/1.3.5/commons-logging-1.3.5.jar from central
Retrieving org/apache/pdfbox/fontbox/3.0.6/fontbox-3.0.6.jar from central
Retrieving org/apache/pdfbox/pdfbox-io/3.0.6/pdfbox-io-3.0.6.jar from central
Retrieving io/dropwizard/metrics/metrics-core/4.2.19/metrics-core-4.2.19.jar from central
Retrieving io/opentracing/opentracing-api/0.33.0/opentracing-api-0.33.0.jar from central
Retrieving io/opentracing/opentracing-util/0.33.0/opentracing-util-0.33.0.jar from central
Retrieving io/opentracing/opentracing-noop/0.33.0/opentracing-noop-0.33.0.jar from central
Retrieving io/dropwizard/metrics/metrics-jmx/4.2.19/metrics-jmx-4.2.19.jar from central
Retrieving io/opentelemetry/opentelemetry-api/1.36.0/opentelemetry-api-1.36.0.jar from central
Retrieving io/opentelemetry/opentelemetry-context/1.36.0/opentelemetry-context-1.36.0.jar from central
Retrieving com/cognitect/transit-clj/1.0.333/transit-clj-1.0.333.jar from central
Retrieving com/fasterxml/jackson/dataformat/jackson-dataformat-cbor/2.15.2/jackson-dataformat-cbor-2.15.2.jar from central
Retrieving com/fasterxml/jackson/dataformat/jackson-dataformat-smile/2.15.2/jackson-dataformat-smile-2.15.2.jar from central
Retrieving org/apache/commons/commons-fileupload2-core/2.0.0-M1/commons-fileupload2-core-2.0.0-M1.jar from central
Retrieving org/eclipse/jetty/jetty-servlet/11.0.20/jetty-servlet-11.0.20.jar from central
Retrieving org/eclipse/jetty/jetty-security/11.0.20/jetty-security-11.0.20.jar from central
Retrieving org/eclipse/jetty/http2/http2-server/11.0.20/http2-server-11.0.20.jar from central
Retrieving org/eclipse/jetty/http2/http2-common/11.0.20/http2-common-11.0.20.jar from central
Retrieving org/eclipse/jetty/http2/http2-hpack/11.0.20/http2-hpack-11.0.20.jar from central
Retrieving org/eclipse/jetty/websocket/websocket-jakarta-server/11.0.20/websocket-jakarta-server-11.0.20.jar from central
Retrieving jakarta/annotation/jakarta.annotation-api/2.1.1/jakarta.annotation-api-2.1.1.jar from central
Retrieving org/eclipse/jetty/jetty-annotations/11.0.20/jetty-annotations-11.0.20.jar from central
Retrieving org/eclipse/jetty/jetty-plus/11.0.20/jetty-plus-11.0.20.jar from central
Retrieving jakarta/transaction/jakarta.transaction-api/2.0.0/jakarta.transaction-api-2.0.0.jar from central
Retrieving org/eclipse/jetty/jetty-jndi/11.0.20/jetty-jndi-11.0.20.jar from central
Retrieving org/eclipse/jetty/jetty-webapp/11.0.20/jetty-webapp-11.0.20.jar from central
Retrieving org/ow2/asm/asm-commons/9.6/asm-commons-9.6.jar from central
Retrieving org/eclipse/jetty/jetty-xml/11.0.20/jetty-xml-11.0.20.jar from central
Retrieving org/ow2/asm/asm-tree/9.6/asm-tree-9.6.jar from central
Retrieving org/eclipse/jetty/websocket/websocket-jakarta-client/11.0.20/websocket-jakarta-client-11.0.20.jar from central
Retrieving org/eclipse/jetty/jetty-client/11.0.20/jetty-client-11.0.20.jar from central
Retrieving org/eclipse/jetty/jetty-alpn-client/11.0.20/jetty-alpn-client-11.0.20.jar from central
Retrieving org/eclipse/jetty/websocket/websocket-core-common/11.0.20/websocket-core-common-11.0.20.jar from central
Retrieving org/eclipse/jetty/websocket/websocket-jakarta-common/11.0.20/websocket-jakarta-common-11.0.20.jar from central
Retrieving org/eclipse/jetty/websocket/websocket-core-client/11.0.20/websocket-core-client-11.0.20.jar from central
Retrieving org/eclipse/jetty/websocket/websocket-servlet/11.0.20/websocket-servlet-11.0.20.jar from central
Retrieving org/eclipse/jetty/websocket/websocket-core-server/11.0.20/websocket-core-server-11.0.20.jar from central
Retrieving org/eclipse/jetty/jetty-server/11.0.20/jetty-server-11.0.20.jar from central
Retrieving org/eclipse/jetty/jetty-http/11.0.20/jetty-http-11.0.20.jar from central
Retrieving org/eclipse/jetty/jetty-util/11.0.20/jetty-util-11.0.20.jar from central
Retrieving org/eclipse/jetty/jetty-io/11.0.20/jetty-io-11.0.20.jar from central
Retrieving org/eclipse/jetty/toolchain/jetty-jakarta-servlet-api/5.0.2/jetty-jakarta-servlet-api-5.0.2.jar from central
Retrieving org/eclipse/jetty/toolchain/jetty-jakarta-websocket-api/2.0.0/jetty-jakarta-websocket-api-2.0.0.jar from central
Retrieving org/eclipse/jetty/jetty-alpn-server/11.0.20/jetty-alpn-server-11.0.20.jar from central
Retrieving org/clojure/data.json/2.5.0/data.json-2.5.0.jar from central
Retrieving org/slf4j/slf4j-simple/1.7.21/slf4j-simple-1.7.21.jar from central
Retrieving org/slf4j/slf4j-api/1.7.21/slf4j-api-1.7.21.jar from central
Retrieving org/bouncycastle/bcpkix-jdk18on/1.75/bcpkix-jdk18on-1.75.jar from central
Retrieving org/bouncycastle/bcutil-jdk18on/1.75/bcutil-jdk18on-1.75.jar from central
Retrieving org/bouncycastle/bcprov-jdk18on/1.75/bcprov-jdk18on-1.75.jar from central
Retrieving com/lambdaworks/scrypt/1.4.0/scrypt-1.4.0.jar from central
Retrieving com/google/guava/guava/32.1.2-jre/guava-32.1.2-jre.jar from central
Retrieving com/google/guava/listenablefuture/9999.0-empty-to-avoid-conflict-with-guava/listenablefuture-9999.0-empty-to-avoid-conflict-with-guava.jar from central
Retrieving com/google/guava/failureaccess/1.0.1/failureaccess-1.0.1.jar from central
Retrieving com/google/code/findbugs/jsr305/3.0.2/jsr305-3.0.2.jar from central
Retrieving com/google/errorprone/error_prone_annotations/2.18.0/error_prone_annotations-2.18.0.jar from central
Retrieving org/checkerframework/checker-qual/3.33.0/checker-qual-3.33.0.jar from central
Retrieving com/fasterxml/jackson/core/jackson-databind/2.15.2/jackson-databind-2.15.2.jar from central
Retrieving com/google/j2objc/j2objc-annotations/2.8/j2objc-annotations-2.8.jar from central
Retrieving com/fasterxml/jackson/core/jackson-core/2.15.2/jackson-core-2.15.2.jar from central
Retrieving com/fasterxml/jackson/core/jackson-annotations/2.15.2/jackson-annotations-2.15.2.jar from central
Retrieving commons-io/commons-io/2.15.1/commons-io-2.15.1.jar from central
Retrieving com/sun/mail/jakarta.mail/1.6.5/jakarta.mail-1.6.5.jar from central
Retrieving com/sun/activation/jakarta.activation/1.2.1/jakarta.activation-1.2.1.jar from central
Retrieving org/ccil/cowan/tagsoup/tagsoup/1.2.1/tagsoup-1.2.1.jar from central
Retrieving org/jsoup/jsoup/1.7.2/jsoup-1.7.2.jar from central
Retrieving joda-time/joda-time/2.2/joda-time-2.2.jar from central
Retrieving org/apache/commons/commons-lang3/3.1/commons-lang3-3.1.jar from central
Retrieving org/webjars/font-awesome/5.13.1/font-awesome-5.13.1.jar from central
Retrieving net/incongru/watchservice/barbary-watchservice/1.0/barbary-watchservice-1.0.jar from central
Retrieving net/java/dev/jna/jna/3.2.2/jna-3.2.2.jar from central
Retrieving cljsjs/react-dom/16.6.0-0/react-dom-16.6.0-0.jar from clojars
Retrieving noencore/noencore/0.3.3/noencore-0.3.3.jar from clojars
Retrieving cljs-http/cljs-http/0.1.45/cljs-http-0.1.45.jar from clojars
Retrieving cljsjs/filesaverjs/1.3.3-0/filesaverjs-1.3.3-0.jar from clojars
Retrieving cljsjs/react/16.6.0-0/react-16.6.0-0.jar from clojars
Retrieving clj-http/clj-http/3.12.3/clj-http-3.12.3.jar from clojars
Retrieving com/andrewmcveigh/cljs-time/0.5.2/cljs-time-0.5.2.jar from clojars
Retrieving slingshot/slingshot/0.12.2/slingshot-0.12.2.jar from clojars
Retrieving clojure/java-time/clojure.java-time/1.4.2/clojure.java-time-1.4.2.jar from clojars
Retrieving clj-tuple/clj-tuple/0.2.2/clj-tuple-0.2.2.jar from clojars
Retrieving potemkin/potemkin/0.4.5/potemkin-0.4.5.jar from clojars
Retrieving com/yetanalytics/ring-etag-middleware/0.1.1/ring-etag-middleware-0.1.1.jar from clojars
Retrieving riddley/riddley/0.1.12/riddley-0.1.12.jar from clojars
Retrieving pandect/pandect/0.6.0/pandect-0.6.0.jar from clojars
Retrieving re-frame/re-frame/1.3.0/re-frame-1.3.0.jar from clojars
Retrieving net/cgrand/macrovich/0.2.1/macrovich-0.2.1.jar from clojars
Retrieving garden/garden/1.3.10/garden-1.3.10.jar from clojars
Retrieving reagent/reagent/1.2.0/reagent-1.2.0.jar from clojars
Retrieving io/pedestal/pedestal.service/0.7.2/pedestal.service-0.7.2.jar from clojars
Retrieving io/pedestal/pedestal.log/0.7.2/pedestal.log-0.7.2.jar from clojars
Retrieving io/pedestal/pedestal.common/0.7.2/pedestal.common-0.7.2.jar from clojars
Retrieving io/pedestal/pedestal.interceptor/0.7.2/pedestal.interceptor-0.7.2.jar from clojars
Retrieving io/pedestal/pedestal.telemetry/0.7.2/pedestal.telemetry-0.7.2.jar from clojars
Retrieving crypto-random/crypto-random/1.2.1/crypto-random-1.2.1.jar from clojars
Retrieving crypto-equality/crypto-equality/1.0.1/crypto-equality-1.0.1.jar from clojars
Retrieving cheshire/cheshire/5.12.0/cheshire-5.12.0.jar from clojars
Retrieving tigris/tigris/0.1.2/tigris-0.1.2.jar from clojars
Retrieving ring/ring-core/1.12.0/ring-core-1.12.0.jar from clojars
Retrieving org/ring-clojure/ring-core-protocols/1.12.0/ring-core-protocols-1.12.0.jar from clojars
Retrieving org/ring-clojure/ring-websocket-protocols/1.12.0/ring-websocket-protocols-1.12.0.jar from clojars
Retrieving ring/ring-codec/1.2.0/ring-codec-1.2.0.jar from clojars
Retrieving io/pedestal/pedestal.route/0.7.2/pedestal.route-0.7.2.jar from clojars
Retrieving org/clj-commons/pretty/3.0.0/pretty-3.0.0.jar from clojars
Retrieving io/pedestal/pedestal.error/0.7.2/pedestal.error-0.7.2.jar from clojars
Retrieving io/pedestal/pedestal.jetty/0.7.2/pedestal.jetty-0.7.2.jar from clojars
Retrieving buddy/buddy-auth/3.0.323/buddy-auth-3.0.323.jar from clojars
Retrieving clout/clout/2.2.1/clout-2.2.1.jar from clojars
Retrieving instaparse/instaparse/1.4.8/instaparse-1.4.8.jar from clojars
Retrieving buddy/buddy-sign/3.4.333/buddy-sign-3.4.333.jar from clojars
Retrieving buddy/buddy-hashers/2.0.167/buddy-hashers-2.0.167.jar from clojars
Retrieving buddy/buddy-core/1.11.423/buddy-core-1.11.423.jar from clojars
Retrieving clojurewerkz/scrypt/1.2.0/scrypt-1.2.0.jar from clojars
Retrieving reloaded/repl/reloaded.repl/0.2.3/reloaded.repl-0.2.3.jar from clojars
Retrieving suspendable/suspendable/0.1.1/suspendable-0.1.1.jar from clojars
Retrieving bidi/bidi/2.1.6/bidi-2.1.6.jar from clojars
Retrieving prismatic/schema/1.1.7/schema-1.1.7.jar from clojars
Retrieving com/stuartsierra/component/1.1.0/component-1.1.0.jar from clojars
Retrieving hiccup/hiccup/2.0.0/hiccup-2.0.0.jar from clojars
Retrieving com/stuartsierra/dependency/1.0.0/dependency-1.0.0.jar from clojars
Retrieving com/draines/postal/2.0.5/postal-2.0.5.jar from clojars
Retrieving pdfkit-clj/pdfkit-clj/0.1.7/pdfkit-clj-0.1.7.jar from clojars
Retrieving enlive/enlive/1.1.2/enlive-1.1.2.jar from clojars
Retrieving environ/environ/1.2.0/environ-1.2.0.jar from clojars
Retrieving clj-time/clj-time/0.6.0/clj-time-0.6.0.jar from clojars
Retrieving vvvvalvalval/datomock/0.2.0/datomock-0.2.0.jar from clojars
Retrieving funcool/cuerdas/2026.415/cuerdas-2026.415.jar from clojars
Retrieving binaryage/devtools/1.0.7/devtools-1.0.7.jar from clojars
Retrieving camel-snake-kebab/camel-snake-kebab/0.4.0/camel-snake-kebab-0.4.0.jar from clojars
Retrieving figwheel-sidecar/figwheel-sidecar/0.5.19/figwheel-sidecar-0.5.19.jar from clojars
Retrieving http-kit/http-kit/2.3.0/http-kit-2.3.0.jar from clojars
Retrieving ring-cors/ring-cors/0.1.12/ring-cors-0.1.12.jar from clojars
Retrieving co/deps/ring-etag-middleware/0.2.0/ring-etag-middleware-0.2.0.jar from clojars
Retrieving clj-stacktrace/clj-stacktrace/0.2.8/clj-stacktrace-0.2.8.jar from clojars
Retrieving hawk/hawk/0.2.11/hawk-0.2.11.jar from clojars
Retrieving strictly-specking-standalone/strictly-specking-standalone/0.1.1/strictly-specking-standalone-0.1.1.jar from clojars
Retrieving figwheel/figwheel/0.5.19/figwheel-0.5.19.jar from clojars
Retrieving net/cgrand/regex/1.1.0/regex-1.1.0.jar from clojars
Retrieving net/cgrand/parsley/0.9.3/parsley-0.9.3.jar from clojars
Retrieving cider/piggieback/0.5.3/piggieback-0.5.3.jar from clojars
Retrieving net/cgrand/sjacket/0.1.1/sjacket-0.1.1.jar from clojars
Retrieving day8/re-frame/re-frame-10x/1.9.9/re-frame-10x-1.9.9.jar from clojars
Retrieving org/babashka/sci/0.7.39/sci-0.7.39.jar from clojars
Retrieving zprint/zprint/1.2.7/zprint-1.2.7.jar from clojars
Retrieving borkdude/sci.impl.reflector/0.0.1/sci.impl.reflector-0.0.1.jar from clojars
Retrieving borkdude/edamame/1.1.17/edamame-1.1.17.jar from clojars
Retrieving org/babashka/sci.impl.types/0.0.2/sci.impl.types-0.0.2.jar from clojars
Retrieving mvxcvi/arrangement/2.1.0/arrangement-2.1.0.jar from clojars
Retrieving rewrite-clj/rewrite-clj/1.1.47/rewrite-clj-1.1.47.jar from clojars
Retrieving com/datomic/datomic-pro/1.0.7482/datomic-pro-1.0.7482.jar from local
Failed to read artifact descriptor for com.datomic:datomic-pro:jar:1.0.7482
This could be due to a typo in :dependencies, file system permissions, or network issues.
If you are behind a proxy, try setting the 'http_proxy' environment variable.
+ log 'lein deps completed with non-zero status (continuing)'
++ ts
++ date -u +%Y-%m-%dT%H:%M:%SZ
+ echo '2026-01-08T03:59:31Z [POST-CREATE] lein deps completed with non-zero status (continuing)'
2026-01-08T03:59:31Z [POST-CREATE] lein deps completed with non-zero status (continuing)
+ log 'Verifying Datomic Pro dependency resolution...'
++ ts
++ date -u +%Y-%m-%dT%H:%M:%SZ
+ echo '2026-01-08T03:59:31Z [POST-CREATE] Verifying Datomic Pro dependency resolution...'
2026-01-08T03:59:31Z [POST-CREATE] Verifying Datomic Pro dependency resolution...
+ lein classpath
+ grep -q datomic-pro
Failed to read artifact descriptor for com.datomic:datomic-pro:jar:1.0.7482
This could be due to a typo in :dependencies, file system permissions, or network issues.
If you are behind a proxy, try setting the 'http_proxy' environment variable.
Could not resolve dependencies
+ log 'Datomic Pro not found in classpath'
++ ts
++ date -u +%Y-%m-%dT%H:%M:%SZ
+ echo '2026-01-08T04:01:50Z [POST-CREATE] Datomic Pro not found in classpath'
2026-01-08T04:01:50Z [POST-CREATE] Datomic Pro not found in classpath
+ log 'Listing lib/ vendor dir and ~/.m2 entries for inspection:'
++ ts
++ date -u +%Y-%m-%dT%H:%M:%SZ
+ echo '2026-01-08T04:01:50Z [POST-CREATE] Listing lib/ vendor dir and ~/.m2 entries for inspection:'
2026-01-08T04:01:50Z [POST-CREATE] Listing lib/ vendor dir and ~/.m2 entries for inspection:
+ ls -l lib/com/datomic/datomic-pro/1.0.7482/
total 6916
-rw-r--r-- 1 1000 root 7078654 Jan  8 00:47 datomic-pro-1.0.7482.jar
+ ls -l /root/.m2/repository/com/datomic/datomic-pro/1.0.7482/
total 6920
-rw-r--r-- 1 root root     172 Jan  8 03:59 _remote.repositories
-rw-r--r-- 1 root root 7078654 Jan  8 03:59 datomic-pro-1.0.7482.jar
+ exit 2
[POST-CREATE] Verbose tracing enabled
+ log 'Starting postCreateCommand... (logging to /tmp/orcpub-post-create.log and /workspaces/orcpub/.devcontainer/post-create.log)'
++ ts
++ date -u +%Y-%m-%dT%H:%M:%SZ
+ echo '2026-01-08T04:40:12Z [POST-CREATE] Starting postCreateCommand... (logging to /tmp/orcpub-post-create.log and /workspaces/orcpub/.devcontainer/post-create.log)'
2026-01-08T04:40:12Z [POST-CREATE] Starting postCreateCommand... (logging to /tmp/orcpub-post-create.log and /workspaces/orcpub/.devcontainer/post-create.log)
+ DATOMIC_VERSION=1.0.7482
+ DATOMIC_JAR=lib/com/datomic/datomic-pro/1.0.7482/datomic-pro-1.0.7482.jar
+ '[' '!' -f lib/com/datomic/datomic-pro/1.0.7482/datomic-pro-1.0.7482.jar ']'
/workspaces/orcpub/.devcontainer/post-create.sh: line 71: VENDOR_DIR: unbound variable
[POST-CREATE] Verbose tracing enabled
+ log 'Starting postCreateCommand... (logging to /tmp/orcpub-post-create.log and /workspaces/orcpub/.devcontainer/post-create.log)'
++ ts
++ date -u +%Y-%m-%dT%H:%M:%SZ
+ echo '2026-01-08T04:42:29Z [POST-CREATE] Starting postCreateCommand... (logging to /tmp/orcpub-post-create.log and /workspaces/orcpub/.devcontainer/post-create.log)'
2026-01-08T04:42:29Z [POST-CREATE] Starting postCreateCommand... (logging to /tmp/orcpub-post-create.log and /workspaces/orcpub/.devcontainer/post-create.log)
+ DATOMIC_VERSION=1.0.7482
+ DATOMIC_JAR=lib/com/datomic/datomic-pro/1.0.7482/datomic-pro-1.0.7482.jar
+ '[' '!' -f lib/com/datomic/datomic-pro/1.0.7482/datomic-pro-1.0.7482.jar ']'
/workspaces/orcpub/.devcontainer/post-create.sh: line 71: VENDOR_DIR: unbound variable
[POST-CREATE] Verbose tracing enabled
+ log 'Starting postCreateCommand... (logging to /tmp/orcpub-post-create.log and /workspaces/orcpub/.devcontainer/post-create.log)'
++ ts
++ date -u +%Y-%m-%dT%H:%M:%SZ
+ echo '2026-01-08T04:46:47Z [POST-CREATE] Starting postCreateCommand... (logging to /tmp/orcpub-post-create.log and /workspaces/orcpub/.devcontainer/post-create.log)'
2026-01-08T04:46:47Z [POST-CREATE] Starting postCreateCommand... (logging to /tmp/orcpub-post-create.log and /workspaces/orcpub/.devcontainer/post-create.log)
+ DATOMIC_VERSION=1.0.7482
+ DATOMIC_JAR=lib/com/datomic/datomic-pro/1.0.7482/datomic-pro-1.0.7482.jar
/workspaces/orcpub/.devcontainer/post-create.sh: line 67: syntax error: unexpected end of file
[POST-CREATE] Verbose tracing enabled
+ log 'Starting postCreateCommand... (logging to /tmp/orcpub-post-create.log and /workspaces/orcpub/.devcontainer/post-create.log)'
++ ts
++ date -u +%Y-%m-%dT%H:%M:%SZ
+ echo '2026-01-08T04:49:02Z [POST-CREATE] Starting postCreateCommand... (logging to /tmp/orcpub-post-create.log and /workspaces/orcpub/.devcontainer/post-create.log)'
2026-01-08T04:49:02Z [POST-CREATE] Starting postCreateCommand... (logging to /tmp/orcpub-post-create.log and /workspaces/orcpub/.devcontainer/post-create.log)
+ DATOMIC_VERSION=1.0.7482
+ DATOMIC_JAR=lib/com/datomic/datomic-pro/1.0.7482/datomic-pro-1.0.7482.jar
+ TARGET_DIR=lib/com/datomic/datomic-pro/1.0.7482
+ '[' '!' -f lib/com/datomic/datomic-pro/1.0.7482/datomic-pro-1.0.7482.jar ']'
[POST-CREATE] Verbose tracing enabled
+ log 'Starting postCreateCommand... (logging to /tmp/orcpub-post-create.log and /workspaces/orcpub/.devcontainer/post-create.log)'
++ ts
++ date -u +%Y-%m-%dT%H:%M:%SZ
+ echo '2026-01-08T04:52:52Z [POST-CREATE] Starting postCreateCommand... (logging to /tmp/orcpub-post-create.log and /workspaces/orcpub/.devcontainer/post-create.log)'
2026-01-08T04:52:52Z [POST-CREATE] Starting postCreateCommand... (logging to /tmp/orcpub-post-create.log and /workspaces/orcpub/.devcontainer/post-create.log)
+ DATOMIC_VERSION=1.0.7482
+ DATOMIC_JAR=lib/com/datomic/datomic-pro/1.0.7482/datomic-pro-1.0.7482.jar
+ TARGET_DIR=lib/com/datomic/datomic-pro/1.0.7482
+ '[' '!' -f lib/com/datomic/datomic-pro/1.0.7482/datomic-pro-1.0.7482.jar ']'
[POST-CREATE] Verbose tracing enabled
+ log 'Starting postCreateCommand... (logging to /tmp/orcpub-post-create.log and /workspaces/orcpub/.devcontainer/post-create.log)'
++ ts
++ date -u +%Y-%m-%dT%H:%M:%SZ
+ echo '2026-01-08T05:00:59Z [POST-CREATE] Starting postCreateCommand... (logging to /tmp/orcpub-post-create.log and /workspaces/orcpub/.devcontainer/post-create.log)'
2026-01-08T05:00:59Z [POST-CREATE] Starting postCreateCommand... (logging to /tmp/orcpub-post-create.log and /workspaces/orcpub/.devcontainer/post-create.log)
+ DATOMIC_VERSION=1.0.7482
+ DATOMIC_JAR=lib/com/datomic/datomic-pro/1.0.7482/datomic-pro-1.0.7482.jar
+ TARGET_DIR=lib/com/datomic/datomic-pro/1.0.7482
+ '[' -d lib/com/datomic/datomic-pro/1.0.7482 ']'
+ rm -rf lib/com/datomic/datomic-pro/1.0.7482
+ mkdir -p lib/com/datomic/datomic-pro/1.0.7482
+ ZIP_PATH=/lib/datomic-pro-1.0.7482.zip
+ '[' '!' -f /lib/datomic-pro-1.0.7482.zip ']'
+ ZIP_PATH=/tmp/datomic-pro-1.0.7482.zip
+ '[' '!' -f /tmp/datomic-pro-1.0.7482.zip ']'
+ curl --fail --location --progress-bar -o /tmp/datomic-pro-1.0.7482.zip https://datomic-pro-downloads.s3.amazonaws.com/1.0.7482/datomic-pro-1.0.7482.zip
                                                                           0.0%####                                                                       6.2%####                                                                       6.9%#########                                                                 13.1%#########                                                                 13.8%###########                                                               16.4%##############                                                            20.7%###################                                                       26.8%###################                                                       27.5%########################                                                  33.6%#########################                                                 35.8%#############################                                             41.2%##################################                                        47.8%##################################                                        48.6%#######################################                                   54.9%############################################                              61.1%############################################                              61.8%################################################                          68.0%#################################################                         68.7%######################################################                    75.5%##########################################################                81.7%###########################################################               82.7%###############################################################           88.6%################################################################          89.3%####################################################################      95.5%#####################################################################     96.2%######################################################################## 100.0%
+ unzip -q /tmp/datomic-pro-1.0.7482.zip -d lib/com/datomic/datomic-pro/1.0.7482
++ find lib/com/datomic/datomic-pro/1.0.7482 -mindepth 1 -maxdepth 1 -type d -print -quit
+ TOP_SUBDIR=lib/com/datomic/datomic-pro/1.0.7482/datomic-pro-1.0.7482
+ '[' -n lib/com/datomic/datomic-pro/1.0.7482/datomic-pro-1.0.7482 ']'
++ find lib/com/datomic/datomic-pro/1.0.7482 -maxdepth 1 -type f -print -quit
+ '[' -z '' ']'
+ mv lib/com/datomic/datomic-pro/1.0.7482/datomic-pro-1.0.7482/CHANGES-CONSOLE.md lib/com/datomic/datomic-pro/1.0.7482/datomic-pro-1.0.7482/CHANGES.md lib/com/datomic/datomic-pro/1.0.7482/datomic-pro-1.0.7482/COPYRIGHT lib/com/datomic/datomic-pro/1.0.7482/datomic-pro-1.0.7482/LICENSE lib/com/datomic/datomic-pro/1.0.7482/datomic-pro-1.0.7482/LICENSE-CONSOLE lib/com/datomic/datomic-pro/1.0.7482/datomic-pro-1.0.7482/README lib/com/datomic/datomic-pro/1.0.7482/datomic-pro-1.0.7482/README-CONSOLE.md lib/com/datomic/datomic-pro/1.0.7482/datomic-pro-1.0.7482/VERSION lib/com/datomic/datomic-pro/1.0.7482/datomic-pro-1.0.7482/bin lib/com/datomic/datomic-pro/1.0.7482/datomic-pro-1.0.7482/config lib/com/datomic/datomic-pro/1.0.7482/datomic-pro-1.0.7482/datomic-transactor-pro-1.0.7482.jar lib/com/datomic/datomic-pro/1.0.7482/datomic-pro-1.0.7482/lib lib/com/datomic/datomic-pro/1.0.7482/datomic-pro-1.0.7482/peer-1.0.7482.jar lib/com/datomic/datomic-pro/1.0.7482/datomic-pro-1.0.7482/pom.xml lib/com/datomic/datomic-pro/1.0.7482/datomic-pro-1.0.7482/presto-server lib/com/datomic/datomic-pro/1.0.7482/datomic-pro-1.0.7482/resources lib/com/datomic/datomic-pro/1.0.7482/datomic-pro-1.0.7482/samples lib/com/datomic/datomic-pro/1.0.7482/
+ rmdir lib/com/datomic/datomic-pro/1.0.7482/datomic-pro-1.0.7482
+ '[' -x lib/com/datomic/datomic-pro/1.0.7482/bin/maven-install ']'
+ cd lib/com/datomic/datomic-pro/1.0.7482
+ bash bin/maven-install
Installing peer-1.0.7482 in local maven repository...
[[1;34mINFO[m] Scanning for projects...
Downloading from central: https://repo.maven.apache.org/maven2/org/springframework/build/aws-maven/5.0.0.RELEASE/aws-maven-5.0.0.RELEASE.pom
Progress (1): 4.1 kBProgress (1): 4.5 kB                    Downloaded from central: https://repo.maven.apache.org/maven2/org/springframework/build/aws-maven/5.0.0.RELEASE/aws-maven-5.0.0.RELEASE.pom (4.5 kB at 8.0 kB/s)
Downloading from central: https://repo.maven.apache.org/maven2/ch/qos/logback/logback-classic/1.1.1/logback-classic-1.1.1.pom
Progress (1): 4.1 kBProgress (1): 8.2 kBProgress (1): 12 kB                    Downloaded from central: https://repo.maven.apache.org/maven2/ch/qos/logback/logback-classic/1.1.1/logback-classic-1.1.1.pom (12 kB at 89 kB/s)
Downloading from central: https://repo.maven.apache.org/maven2/ch/qos/logback/logback-parent/1.1.1/logback-parent-1.1.1.pom
Progress (1): 4.1 kBProgress (1): 8.2 kBProgress (1): 12 kB Progress (1): 15 kB                   Downloaded from central: https://repo.maven.apache.org/maven2/ch/qos/logback/logback-parent/1.1.1/logback-parent-1.1.1.pom (15 kB at 171 kB/s)
Downloading from central: https://repo.maven.apache.org/maven2/ch/qos/logback/logback-core/1.1.1/logback-core-1.1.1.pom
Progress (1): 4.1 kBProgress (1): 5.0 kB                    Downloaded from central: https://repo.maven.apache.org/maven2/ch/qos/logback/logback-core/1.1.1/logback-core-1.1.1.pom (5.0 kB at 52 kB/s)
Downloading from central: https://repo.maven.apache.org/maven2/org/slf4j/slf4j-api/1.7.6/slf4j-api-1.7.6.pom
Progress (1): 2.7 kB                    Downloaded from central: https://repo.maven.apache.org/maven2/org/slf4j/slf4j-api/1.7.6/slf4j-api-1.7.6.pom (2.7 kB at 26 kB/s)
Downloading from central: https://repo.maven.apache.org/maven2/org/slf4j/slf4j-parent/1.7.6/slf4j-parent-1.7.6.pom
Progress (1): 4.1 kBProgress (1): 8.2 kBProgress (1): 12 kB                    Downloaded from central: https://repo.maven.apache.org/maven2/org/slf4j/slf4j-parent/1.7.6/slf4j-parent-1.7.6.pom (12 kB at 134 kB/s)
Downloading from central: https://repo.maven.apache.org/maven2/com/amazonaws/aws-java-sdk/1.7.1/aws-java-sdk-1.7.1.pom
Progress (1): 4.1 kBProgress (1): 6.7 kB                    Downloaded from central: https://repo.maven.apache.org/maven2/com/amazonaws/aws-java-sdk/1.7.1/aws-java-sdk-1.7.1.pom (6.7 kB at 63 kB/s)
Downloading from central: https://repo.maven.apache.org/maven2/org/apache/httpcomponents/httpclient/4.2/httpclient-4.2.pom
Progress (1): 4.1 kBProgress (1): 5.9 kB                    Downloaded from central: https://repo.maven.apache.org/maven2/org/apache/httpcomponents/httpclient/4.2/httpclient-4.2.pom (5.9 kB at 76 kB/s)
Downloading from central: https://repo.maven.apache.org/maven2/org/apache/httpcomponents/httpcomponents-client/4.2/httpcomponents-client-4.2.pom
Progress (1): 4.1 kBProgress (1): 8.2 kBProgress (1): 12 kB Progress (1): 14 kB                   Downloaded from central: https://repo.maven.apache.org/maven2/org/apache/httpcomponents/httpcomponents-client/4.2/httpcomponents-client-4.2.pom (14 kB at 182 kB/s)
Downloading from central: https://repo.maven.apache.org/maven2/org/apache/httpcomponents/project/5/project-5.pom
Progress (1): 4.1 kBProgress (1): 8.2 kBProgress (1): 12 kB Progress (1): 16 kBProgress (1): 20 kBProgress (1): 23 kB                   Downloaded from central: https://repo.maven.apache.org/maven2/org/apache/httpcomponents/project/5/project-5.pom (23 kB at 322 kB/s)
Downloading from central: https://repo.maven.apache.org/maven2/org/apache/httpcomponents/httpcore/4.2/httpcore-4.2.pom
Progress (1): 4.1 kBProgress (1): 5.7 kB                    Downloaded from central: https://repo.maven.apache.org/maven2/org/apache/httpcomponents/httpcore/4.2/httpcore-4.2.pom (5.7 kB at 65 kB/s)
Downloading from central: https://repo.maven.apache.org/maven2/org/apache/httpcomponents/httpcomponents-core/4.2/httpcomponents-core-4.2.pom
Progress (1): 4.1 kBProgress (1): 8.2 kBProgress (1): 11 kB                    Downloaded from central: https://repo.maven.apache.org/maven2/org/apache/httpcomponents/httpcomponents-core/4.2/httpcomponents-core-4.2.pom (11 kB at 105 kB/s)
Downloading from central: https://repo.maven.apache.org/maven2/org/apache/httpcomponents/project/6/project-6.pom
Progress (1): 4.1 kBProgress (1): 8.2 kBProgress (1): 12 kB Progress (1): 16 kBProgress (1): 20 kBProgress (1): 24 kB                   Downloaded from central: https://repo.maven.apache.org/maven2/org/apache/httpcomponents/project/6/project-6.pom (24 kB at 152 kB/s)
Downloading from central: https://repo.maven.apache.org/maven2/commons-codec/commons-codec/1.3/commons-codec-1.3.pom
Progress (1): 4.1 kBProgress (1): 6.1 kB                    Downloaded from central: https://repo.maven.apache.org/maven2/commons-codec/commons-codec/1.3/commons-codec-1.3.pom (6.1 kB at 44 kB/s)
Downloading from central: https://repo.maven.apache.org/maven2/com/fasterxml/jackson/core/jackson-core/2.1.1/jackson-core-2.1.1.pom
Progress (1): 4.1 kBProgress (1): 5.6 kB                    Downloaded from central: https://repo.maven.apache.org/maven2/com/fasterxml/jackson/core/jackson-core/2.1.1/jackson-core-2.1.1.pom (5.6 kB at 72 kB/s)
Downloading from central: https://repo.maven.apache.org/maven2/com/fasterxml/oss-parent/4/oss-parent-4.pom
Progress (1): 4.1 kBProgress (1): 8.2 kBProgress (1): 12 kB Progress (1): 16 kBProgress (1): 18 kB                   Downloaded from central: https://repo.maven.apache.org/maven2/com/fasterxml/oss-parent/4/oss-parent-4.pom (18 kB at 292 kB/s)
Downloading from central: https://repo.maven.apache.org/maven2/com/fasterxml/jackson/core/jackson-databind/2.1.1/jackson-databind-2.1.1.pom
Progress (1): 4.1 kBProgress (1): 5.6 kB                    Downloaded from central: https://repo.maven.apache.org/maven2/com/fasterxml/jackson/core/jackson-databind/2.1.1/jackson-databind-2.1.1.pom (5.6 kB at 73 kB/s)
Downloading from central: https://repo.maven.apache.org/maven2/com/fasterxml/jackson/core/jackson-annotations/2.1.1/jackson-annotations-2.1.1.pom
Progress (1): 1.9 kB                    Downloaded from central: https://repo.maven.apache.org/maven2/com/fasterxml/jackson/core/jackson-annotations/2.1.1/jackson-annotations-2.1.1.pom (1.9 kB at 17 kB/s)
Downloading from central: https://repo.maven.apache.org/maven2/joda-time/joda-time/maven-metadata.xml
Progress (1): 2.2 kB                    Downloaded from central: https://repo.maven.apache.org/maven2/joda-time/joda-time/maven-metadata.xml (2.2 kB at 37 kB/s)
Downloading from central: https://repo.maven.apache.org/maven2/joda-time/joda-time/2.3/joda-time-2.3.pom
Progress (1): 4.1 kBProgress (1): 8.2 kBProgress (1): 12 kB Progress (1): 16 kBProgress (1): 20 kBProgress (1): 25 kBProgress (1): 25 kB                   Downloaded from central: https://repo.maven.apache.org/maven2/joda-time/joda-time/2.3/joda-time-2.3.pom (25 kB at 293 kB/s)
Downloading from central: https://repo.maven.apache.org/maven2/joda-time/joda-time/2.4/joda-time-2.4.pom
Progress (1): 4.1 kBProgress (1): 8.2 kBProgress (1): 12 kB Progress (1): 16 kBProgress (1): 20 kBProgress (1): 25 kBProgress (1): 26 kB                   Downloaded from central: https://repo.maven.apache.org/maven2/joda-time/joda-time/2.4/joda-time-2.4.pom (26 kB at 361 kB/s)
Downloading from central: https://repo.maven.apache.org/maven2/joda-time/joda-time/2.5/joda-time-2.5.pom
Progress (1): 4.1 kBProgress (1): 8.2 kBProgress (1): 12 kB Progress (1): 16 kBProgress (1): 20 kBProgress (1): 25 kBProgress (1): 27 kB                   Downloaded from central: https://repo.maven.apache.org/maven2/joda-time/joda-time/2.5/joda-time-2.5.pom (27 kB at 313 kB/s)
Downloading from central: https://repo.maven.apache.org/maven2/joda-time/joda-time/2.6/joda-time-2.6.pom
Progress (1): 4.1 kBProgress (1): 8.2 kBProgress (1): 12 kB Progress (1): 16 kBProgress (1): 20 kBProgress (1): 25 kBProgress (1): 27 kB                   Downloaded from central: https://repo.maven.apache.org/maven2/joda-time/joda-time/2.6/joda-time-2.6.pom (27 kB at 361 kB/s)
Downloading from central: https://repo.maven.apache.org/maven2/joda-time/joda-time/2.7/joda-time-2.7.pom
Progress (1): 4.1 kBProgress (1): 8.2 kBProgress (1): 12 kB Progress (1): 16 kBProgress (1): 20 kBProgress (1): 25 kBProgress (1): 29 kB                   Downloaded from central: https://repo.maven.apache.org/maven2/joda-time/joda-time/2.7/joda-time-2.7.pom (29 kB at 280 kB/s)
Downloading from central: https://repo.maven.apache.org/maven2/joda-time/joda-time/2.8/joda-time-2.8.pom
Progress (1): 4.1 kBProgress (1): 8.2 kBProgress (1): 12 kB Progress (1): 16 kBProgress (1): 20 kBProgress (1): 25 kBProgress (1): 29 kBProgress (1): 29 kB                   Downloaded from central: https://repo.maven.apache.org/maven2/joda-time/joda-time/2.8/joda-time-2.8.pom (29 kB at 346 kB/s)
Downloading from central: https://repo.maven.apache.org/maven2/joda-time/joda-time/2.9/joda-time-2.9.pom
Progress (1): 4.1 kBProgress (1): 8.2 kBProgress (1): 12 kB Progress (1): 16 kBProgress (1): 20 kBProgress (1): 25 kBProgress (1): 29 kBProgress (1): 29 kB                   Downloaded from central: https://repo.maven.apache.org/maven2/joda-time/joda-time/2.9/joda-time-2.9.pom (29 kB at 327 kB/s)
Downloading from central: https://repo.maven.apache.org/maven2/joda-time/joda-time/2.9.1/joda-time-2.9.1.pom
Progress (1): 4.1 kBProgress (1): 8.2 kBProgress (1): 12 kB Progress (1): 16 kBProgress (1): 20 kBProgress (1): 25 kBProgress (1): 29 kBProgress (1): 29 kB                   Downloaded from central: https://repo.maven.apache.org/maven2/joda-time/joda-time/2.9.1/joda-time-2.9.1.pom (29 kB at 327 kB/s)
Downloading from central: https://repo.maven.apache.org/maven2/joda-time/joda-time/2.9.2/joda-time-2.9.2.pom
Progress (1): 4.1 kBProgress (1): 8.2 kBProgress (1): 12 kB Progress (1): 16 kBProgress (1): 20 kBProgress (1): 25 kBProgress (1): 29 kBProgress (1): 30 kB                   Downloaded from central: https://repo.maven.apache.org/maven2/joda-time/joda-time/2.9.2/joda-time-2.9.2.pom (30 kB at 368 kB/s)
Downloading from central: https://repo.maven.apache.org/maven2/joda-time/joda-time/2.9.3/joda-time-2.9.3.pom
Progress (1): 4.1 kBProgress (1): 8.2 kBProgress (1): 12 kB Progress (1): 16 kBProgress (1): 20 kBProgress (1): 25 kBProgress (1): 29 kBProgress (1): 30 kB                   Downloaded from central: https://repo.maven.apache.org/maven2/joda-time/joda-time/2.9.3/joda-time-2.9.3.pom (30 kB at 278 kB/s)
Downloading from central: https://repo.maven.apache.org/maven2/joda-time/joda-time/2.9.4/joda-time-2.9.4.pom
Progress (1): 4.1 kBProgress (1): 8.2 kBProgress (1): 12 kB Progress (1): 16 kBProgress (1): 20 kBProgress (1): 25 kBProgress (1): 29 kBProgress (1): 30 kB                   Downloaded from central: https://repo.maven.apache.org/maven2/joda-time/joda-time/2.9.4/joda-time-2.9.4.pom (30 kB at 241 kB/s)
Downloading from central: https://repo.maven.apache.org/maven2/joda-time/joda-time/2.9.5/joda-time-2.9.5.pom
Progress (1): 4.1 kBProgress (1): 8.2 kBProgress (1): 12 kB Progress (1): 16 kBProgress (1): 20 kBProgress (1): 25 kBProgress (1): 29 kBProgress (1): 33 kB                   Downloaded from central: https://repo.maven.apache.org/maven2/joda-time/joda-time/2.9.5/joda-time-2.9.5.pom (33 kB at 263 kB/s)
Downloading from central: https://repo.maven.apache.org/maven2/joda-time/joda-time/2.9.6/joda-time-2.9.6.pom
Progress (1): 4.1 kBProgress (1): 8.2 kBProgress (1): 12 kB Progress (1): 16 kBProgress (1): 20 kBProgress (1): 25 kBProgress (1): 29 kBProgress (1): 33 kB                   Downloaded from central: https://repo.maven.apache.org/maven2/joda-time/joda-time/2.9.6/joda-time-2.9.6.pom (33 kB at 307 kB/s)
Downloading from central: https://repo.maven.apache.org/maven2/joda-time/joda-time/2.9.7/joda-time-2.9.7.pom
Progress (1): 4.1 kBProgress (1): 8.2 kBProgress (1): 12 kB Progress (1): 16 kBProgress (1): 20 kBProgress (1): 25 kBProgress (1): 29 kBProgress (1): 33 kBProgress (1): 33 kB                   Downloaded from central: https://repo.maven.apache.org/maven2/joda-time/joda-time/2.9.7/joda-time-2.9.7.pom (33 kB at 362 kB/s)
Downloading from central: https://repo.maven.apache.org/maven2/joda-time/joda-time/2.9.8/joda-time-2.9.8.pom
Progress (1): 4.1 kBProgress (1): 8.2 kBProgress (1): 12 kB Progress (1): 16 kBProgress (1): 20 kBProgress (1): 25 kBProgress (1): 29 kBProgress (1): 33 kBProgress (1): 33 kB                   Downloaded from central: https://repo.maven.apache.org/maven2/joda-time/joda-time/2.9.8/joda-time-2.9.8.pom (33 kB at 335 kB/s)
Downloading from central: https://repo.maven.apache.org/maven2/joda-time/joda-time/2.9.9/joda-time-2.9.9.pom
Progress (1): 4.1 kBProgress (1): 8.2 kBProgress (1): 12 kB Progress (1): 16 kBProgress (1): 20 kBProgress (1): 25 kBProgress (1): 29 kBProgress (1): 33 kBProgress (1): 35 kB                   Downloaded from central: https://repo.maven.apache.org/maven2/joda-time/joda-time/2.9.9/joda-time-2.9.9.pom (35 kB at 330 kB/s)
Downloading from central: https://repo.maven.apache.org/maven2/joda-time/joda-time/2.10/joda-time-2.10.pom
Progress (1): 4.1 kBProgress (1): 8.2 kBProgress (1): 12 kB Progress (1): 16 kBProgress (1): 20 kBProgress (1): 25 kBProgress (1): 29 kBProgress (1): 33 kBProgress (1): 37 kBProgress (1): 38 kB                   Downloaded from central: https://repo.maven.apache.org/maven2/joda-time/joda-time/2.10/joda-time-2.10.pom (38 kB at 373 kB/s)
Downloading from central: https://repo.maven.apache.org/maven2/joda-time/joda-time/2.10.1/joda-time-2.10.1.pom
Progress (1): 4.1 kBProgress (1): 8.2 kBProgress (1): 12 kB Progress (1): 16 kBProgress (1): 20 kBProgress (1): 25 kBProgress (1): 29 kBProgress (1): 33 kBProgress (1): 37 kB                   Downloaded from central: https://repo.maven.apache.org/maven2/joda-time/joda-time/2.10.1/joda-time-2.10.1.pom (37 kB at 318 kB/s)
Downloading from central: https://repo.maven.apache.org/maven2/joda-time/joda-time/2.10.2/joda-time-2.10.2.pom
Progress (1): 4.1 kBProgress (1): 8.2 kBProgress (1): 12 kB Progress (1): 16 kBProgress (1): 20 kBProgress (1): 25 kBProgress (1): 29 kBProgress (1): 33 kBProgress (1): 37 kBProgress (1): 37 kB                   Downloaded from central: https://repo.maven.apache.org/maven2/joda-time/joda-time/2.10.2/joda-time-2.10.2.pom (37 kB at 373 kB/s)
Downloading from central: https://repo.maven.apache.org/maven2/joda-time/joda-time/2.10.3/joda-time-2.10.3.pom
Progress (1): 4.1 kBProgress (1): 8.2 kBProgress (1): 12 kB Progress (1): 16 kBProgress (1): 20 kBProgress (1): 25 kBProgress (1): 29 kBProgress (1): 33 kBProgress (1): 37 kBProgress (1): 37 kB                   Downloaded from central: https://repo.maven.apache.org/maven2/joda-time/joda-time/2.10.3/joda-time-2.10.3.pom (37 kB at 412 kB/s)
Downloading from central: https://repo.maven.apache.org/maven2/joda-time/joda-time/2.10.4/joda-time-2.10.4.pom
Progress (1): 4.1 kBProgress (1): 8.2 kBProgress (1): 12 kB Progress (1): 16 kBProgress (1): 20 kBProgress (1): 25 kBProgress (1): 29 kBProgress (1): 33 kBProgress (1): 37 kBProgress (1): 37 kB                   Downloaded from central: https://repo.maven.apache.org/maven2/joda-time/joda-time/2.10.4/joda-time-2.10.4.pom (37 kB at 470 kB/s)
Downloading from central: https://repo.maven.apache.org/maven2/joda-time/joda-time/2.10.5/joda-time-2.10.5.pom
Progress (1): 4.1 kBProgress (1): 8.2 kBProgress (1): 12 kB Progress (1): 16 kBProgress (1): 20 kBProgress (1): 25 kBProgress (1): 29 kBProgress (1): 33 kBProgress (1): 37 kBProgress (1): 37 kB                   Downloaded from central: https://repo.maven.apache.org/maven2/joda-time/joda-time/2.10.5/joda-time-2.10.5.pom (37 kB at 476 kB/s)
Downloading from central: https://repo.maven.apache.org/maven2/joda-time/joda-time/2.10.6/joda-time-2.10.6.pom
Progress (1): 4.1 kBProgress (1): 8.2 kBProgress (1): 12 kB Progress (1): 16 kBProgress (1): 20 kBProgress (1): 25 kBProgress (1): 29 kBProgress (1): 33 kBProgress (1): 37 kBProgress (1): 37 kB                   Downloaded from central: https://repo.maven.apache.org/maven2/joda-time/joda-time/2.10.6/joda-time-2.10.6.pom (37 kB at 478 kB/s)
Downloading from central: https://repo.maven.apache.org/maven2/joda-time/joda-time/2.10.7/joda-time-2.10.7.pom
Progress (1): 4.1 kBProgress (1): 8.2 kBProgress (1): 12 kB Progress (1): 16 kBProgress (1): 20 kBProgress (1): 25 kBProgress (1): 29 kBProgress (1): 33 kBProgress (1): 37 kBProgress (1): 37 kB                   Downloaded from central: https://repo.maven.apache.org/maven2/joda-time/joda-time/2.10.7/joda-time-2.10.7.pom (37 kB at 484 kB/s)
Downloading from central: https://repo.maven.apache.org/maven2/joda-time/joda-time/2.10.8/joda-time-2.10.8.pom
Progress (1): 4.1 kBProgress (1): 8.2 kBProgress (1): 12 kB Progress (1): 16 kBProgress (1): 20 kBProgress (1): 25 kBProgress (1): 29 kBProgress (1): 33 kBProgress (1): 37 kBProgress (1): 37 kB                   Downloaded from central: https://repo.maven.apache.org/maven2/joda-time/joda-time/2.10.8/joda-time-2.10.8.pom (37 kB at 491 kB/s)
Downloading from central: https://repo.maven.apache.org/maven2/joda-time/joda-time/2.10.9/joda-time-2.10.9.pom
Progress (1): 4.1 kBProgress (1): 8.2 kBProgress (1): 12 kB Progress (1): 16 kBProgress (1): 20 kBProgress (1): 25 kBProgress (1): 29 kBProgress (1): 33 kBProgress (1): 37 kBProgress (1): 37 kB                   Downloaded from central: https://repo.maven.apache.org/maven2/joda-time/joda-time/2.10.9/joda-time-2.10.9.pom (37 kB at 425 kB/s)
Downloading from central: https://repo.maven.apache.org/maven2/joda-time/joda-time/2.10.10/joda-time-2.10.10.pom
Progress (1): 4.1 kBProgress (1): 8.2 kBProgress (1): 12 kB Progress (1): 16 kBProgress (1): 20 kBProgress (1): 25 kBProgress (1): 29 kBProgress (1): 33 kBProgress (1): 37 kBProgress (1): 37 kB                   Downloaded from central: https://repo.maven.apache.org/maven2/joda-time/joda-time/2.10.10/joda-time-2.10.10.pom (37 kB at 435 kB/s)
Downloading from central: https://repo.maven.apache.org/maven2/joda-time/joda-time/2.10.11/joda-time-2.10.11.pom
Progress (1): 4.1 kBProgress (1): 8.2 kBProgress (1): 12 kB Progress (1): 16 kBProgress (1): 20 kBProgress (1): 25 kBProgress (1): 29 kBProgress (1): 33 kBProgress (1): 37 kBProgress (1): 38 kB                   Downloaded from central: https://repo.maven.apache.org/maven2/joda-time/joda-time/2.10.11/joda-time-2.10.11.pom (38 kB at 395 kB/s)
Downloading from central: https://repo.maven.apache.org/maven2/joda-time/joda-time/2.10.12/joda-time-2.10.12.pom
Progress (1): 4.1 kBProgress (1): 8.2 kBProgress (1): 12 kB Progress (1): 16 kBProgress (1): 20 kBProgress (1): 25 kBProgress (1): 29 kBProgress (1): 33 kBProgress (1): 37 kBProgress (1): 37 kB                   Downloaded from central: https://repo.maven.apache.org/maven2/joda-time/joda-time/2.10.12/joda-time-2.10.12.pom (37 kB at 527 kB/s)
Downloading from central: https://repo.maven.apache.org/maven2/joda-time/joda-time/2.10.13/joda-time-2.10.13.pom
Progress (1): 4.1 kBProgress (1): 8.2 kBProgress (1): 12 kB Progress (1): 16 kBProgress (1): 20 kBProgress (1): 25 kBProgress (1): 29 kBProgress (1): 33 kBProgress (1): 37 kBProgress (1): 37 kB                   Downloaded from central: https://repo.maven.apache.org/maven2/joda-time/joda-time/2.10.13/joda-time-2.10.13.pom (37 kB at 527 kB/s)
Downloading from central: https://repo.maven.apache.org/maven2/joda-time/joda-time/2.10.14/joda-time-2.10.14.pom
Progress (1): 4.1 kBProgress (1): 8.2 kBProgress (1): 12 kB Progress (1): 16 kBProgress (1): 20 kBProgress (1): 25 kBProgress (1): 29 kBProgress (1): 33 kBProgress (1): 37 kBProgress (1): 37 kB                   Downloaded from central: https://repo.maven.apache.org/maven2/joda-time/joda-time/2.10.14/joda-time-2.10.14.pom (37 kB at 425 kB/s)
Downloading from central: https://repo.maven.apache.org/maven2/joda-time/joda-time/2.11.0/joda-time-2.11.0.pom
Progress (1): 4.1 kBProgress (1): 8.2 kBProgress (1): 12 kB Progress (1): 16 kBProgress (1): 20 kBProgress (1): 25 kBProgress (1): 29 kBProgress (1): 33 kBProgress (1): 37 kBProgress (1): 37 kB                   Downloaded from central: https://repo.maven.apache.org/maven2/joda-time/joda-time/2.11.0/joda-time-2.11.0.pom (37 kB at 577 kB/s)
Downloading from central: https://repo.maven.apache.org/maven2/joda-time/joda-time/2.11.1/joda-time-2.11.1.pom
Progress (1): 4.1 kBProgress (1): 8.2 kBProgress (1): 12 kB Progress (1): 16 kBProgress (1): 20 kBProgress (1): 25 kBProgress (1): 29 kBProgress (1): 33 kBProgress (1): 37 kBProgress (1): 39 kB                   Downloaded from central: https://repo.maven.apache.org/maven2/joda-time/joda-time/2.11.1/joda-time-2.11.1.pom (39 kB at 454 kB/s)
Downloading from central: https://repo.maven.apache.org/maven2/joda-time/joda-time/2.11.2/joda-time-2.11.2.pom
Progress (1): 4.1 kBProgress (1): 8.2 kBProgress (1): 12 kB Progress (1): 16 kBProgress (1): 20 kBProgress (1): 25 kBProgress (1): 29 kBProgress (1): 33 kBProgress (1): 37 kBProgress (1): 39 kB                   Downloaded from central: https://repo.maven.apache.org/maven2/joda-time/joda-time/2.11.2/joda-time-2.11.2.pom (39 kB at 594 kB/s)
Downloading from central: https://repo.maven.apache.org/maven2/joda-time/joda-time/2.12.0/joda-time-2.12.0.pom
Progress (1): 4.1 kBProgress (1): 8.2 kBProgress (1): 12 kB Progress (1): 16 kBProgress (1): 20 kBProgress (1): 25 kBProgress (1): 29 kBProgress (1): 33 kBProgress (1): 37 kBProgress (1): 40 kB                   Downloaded from central: https://repo.maven.apache.org/maven2/joda-time/joda-time/2.12.0/joda-time-2.12.0.pom (40 kB at 425 kB/s)
Downloading from central: https://repo.maven.apache.org/maven2/joda-time/joda-time/2.12.1/joda-time-2.12.1.pom
Progress (1): 4.1 kBProgress (1): 8.2 kBProgress (1): 12 kB Progress (1): 16 kBProgress (1): 20 kBProgress (1): 25 kBProgress (1): 29 kBProgress (1): 33 kBProgress (1): 37 kBProgress (1): 40 kB                   Downloaded from central: https://repo.maven.apache.org/maven2/joda-time/joda-time/2.12.1/joda-time-2.12.1.pom (40 kB at 529 kB/s)
Downloading from central: https://repo.maven.apache.org/maven2/joda-time/joda-time/2.12.2/joda-time-2.12.2.pom
Progress (1): 4.1 kBProgress (1): 8.2 kBProgress (1): 12 kB Progress (1): 16 kBProgress (1): 20 kBProgress (1): 25 kBProgress (1): 29 kBProgress (1): 33 kBProgress (1): 37 kBProgress (1): 40 kB                   Downloaded from central: https://repo.maven.apache.org/maven2/joda-time/joda-time/2.12.2/joda-time-2.12.2.pom (40 kB at 583 kB/s)
Downloading from central: https://repo.maven.apache.org/maven2/joda-time/joda-time/2.12.3/joda-time-2.12.3.pom
Progress (1): 4.1 kBProgress (1): 8.2 kBProgress (1): 12 kB Progress (1): 16 kBProgress (1): 20 kBProgress (1): 25 kBProgress (1): 29 kBProgress (1): 33 kBProgress (1): 37 kBProgress (1): 40 kB                   Downloaded from central: https://repo.maven.apache.org/maven2/joda-time/joda-time/2.12.3/joda-time-2.12.3.pom (40 kB at 468 kB/s)
Downloading from central: https://repo.maven.apache.org/maven2/joda-time/joda-time/2.12.4/joda-time-2.12.4.pom
Progress (1): 4.1 kBProgress (1): 8.2 kBProgress (1): 12 kB Progress (1): 16 kBProgress (1): 20 kBProgress (1): 25 kBProgress (1): 29 kBProgress (1): 33 kBProgress (1): 37 kBProgress (1): 40 kB                   Downloaded from central: https://repo.maven.apache.org/maven2/joda-time/joda-time/2.12.4/joda-time-2.12.4.pom (40 kB at 576 kB/s)
Downloading from central: https://repo.maven.apache.org/maven2/joda-time/joda-time/2.12.5/joda-time-2.12.5.pom
Progress (1): 4.1 kBProgress (1): 8.2 kBProgress (1): 12 kB Progress (1): 16 kBProgress (1): 20 kBProgress (1): 25 kBProgress (1): 29 kBProgress (1): 33 kBProgress (1): 37 kBProgress (1): 40 kB                   Downloaded from central: https://repo.maven.apache.org/maven2/joda-time/joda-time/2.12.5/joda-time-2.12.5.pom (40 kB at 523 kB/s)
Downloading from central: https://repo.maven.apache.org/maven2/joda-time/joda-time/2.12.6/joda-time-2.12.6.pom
Progress (1): 4.1 kBProgress (1): 8.2 kBProgress (1): 12 kB Progress (1): 16 kBProgress (1): 20 kBProgress (1): 25 kBProgress (1): 29 kBProgress (1): 33 kBProgress (1): 37 kBProgress (1): 40 kB                   Downloaded from central: https://repo.maven.apache.org/maven2/joda-time/joda-time/2.12.6/joda-time-2.12.6.pom (40 kB at 546 kB/s)
Downloading from central: https://repo.maven.apache.org/maven2/joda-time/joda-time/2.12.7/joda-time-2.12.7.pom
Progress (1): 4.1 kBProgress (1): 8.2 kBProgress (1): 12 kB Progress (1): 16 kBProgress (1): 20 kBProgress (1): 25 kBProgress (1): 29 kBProgress (1): 33 kBProgress (1): 37 kBProgress (1): 40 kB                   Downloaded from central: https://repo.maven.apache.org/maven2/joda-time/joda-time/2.12.7/joda-time-2.12.7.pom (40 kB at 570 kB/s)
Downloading from central: https://repo.maven.apache.org/maven2/joda-time/joda-time/2.13.0/joda-time-2.13.0.pom
Progress (1): 4.1 kBProgress (1): 8.2 kBProgress (1): 12 kB Progress (1): 16 kBProgress (1): 20 kBProgress (1): 25 kBProgress (1): 29 kBProgress (1): 33 kBProgress (1): 37 kBProgress (1): 40 kB                   Downloaded from central: https://repo.maven.apache.org/maven2/joda-time/joda-time/2.13.0/joda-time-2.13.0.pom (40 kB at 491 kB/s)
Downloading from central: https://repo.maven.apache.org/maven2/joda-time/joda-time/2.13.1/joda-time-2.13.1.pom
Progress (1): 4.1 kBProgress (1): 8.2 kBProgress (1): 12 kB Progress (1): 16 kBProgress (1): 20 kBProgress (1): 25 kBProgress (1): 29 kBProgress (1): 33 kBProgress (1): 37 kBProgress (1): 39 kB                   Downloaded from central: https://repo.maven.apache.org/maven2/joda-time/joda-time/2.13.1/joda-time-2.13.1.pom (39 kB at 373 kB/s)
Downloading from central: https://repo.maven.apache.org/maven2/joda-time/joda-time/2.14.0/joda-time-2.14.0.pom
Progress (1): 4.1 kBProgress (1): 8.2 kBProgress (1): 12 kB Progress (1): 16 kBProgress (1): 20 kBProgress (1): 25 kBProgress (1): 29 kBProgress (1): 33 kBProgress (1): 37 kBProgress (1): 40 kB                   Downloaded from central: https://repo.maven.apache.org/maven2/joda-time/joda-time/2.14.0/joda-time-2.14.0.pom (40 kB at 470 kB/s)
Downloading from central: https://repo.maven.apache.org/maven2/org/slf4j/jcl-over-slf4j/1.7.6/jcl-over-slf4j-1.7.6.pom
Progress (1): 1.9 kB                    Downloaded from central: https://repo.maven.apache.org/maven2/org/slf4j/jcl-over-slf4j/1.7.6/jcl-over-slf4j-1.7.6.pom (1.9 kB at 17 kB/s)
Downloading from central: https://repo.maven.apache.org/maven2/org/springframework/build/aws-maven/5.0.0.RELEASE/aws-maven-5.0.0.RELEASE.jar
Downloading from central: https://repo.maven.apache.org/maven2/ch/qos/logback/logback-classic/1.1.1/logback-classic-1.1.1.jar
Downloading from central: https://repo.maven.apache.org/maven2/ch/qos/logback/logback-core/1.1.1/logback-core-1.1.1.jar
Downloading from central: https://repo.maven.apache.org/maven2/com/amazonaws/aws-java-sdk/1.7.1/aws-java-sdk-1.7.1.jar
Downloading from central: https://repo.maven.apache.org/maven2/org/apache/httpcomponents/httpclient/4.2/httpclient-4.2.jar
Progress (1): 4.1/26 kBProgress (1): 7.7/26 kBProgress (1): 11/26 kB Progress (1): 15/26 kBProgress (1): 20/26 kBProgress (1): 24/26 kBProgress (1): 26 kB   Progress (2): 26 kB | 2.3/271 kBProgress (3): 26 kB | 2.3/271 kB | 2.3/425 kBProgress (3): 26 kB | 2.3/271 kB | 5.3/425 kBProgress (3): 26 kB | 2.3/271 kB | 8.1/425 kBProgress (3): 26 kB | 2.3/271 kB | 11/425 kB Progress (3): 26 kB | 2.3/271 kB | 14/425 kBProgress (3): 26 kB | 2.3/271 kB | 16/425 kBProgress (3): 26 kB | 2.3/271 kB | 19/425 kBProgress (3): 26 kB | 2.3/271 kB | 22/425 kBProgress (3): 26 kB | 5.0/271 kB | 22/425 kBProgress (3): 26 kB | 7.7/271 kB | 22/425 kBProgress (3): 26 kB | 10/271 kB | 22/425 kB Progress (3): 26 kB | 13/271 kB | 22/425 kBProgress (3): 26 kB | 16/271 kB | 22/425 kBProgress (3): 26 kB | 19/271 kB | 22/425 kBProgress (3): 26 kB | 21/271 kB | 22/425 kBProgress (4): 26 kB | 21/271 kB | 22/425 kB | 2.3/428 kBProgress (4): 26 kB | 21/271 kB | 22/425 kB | 5.0/428 kBProgress (4): 26 kB | 21/271 kB | 24/425 kB | 5.0/428 kBProgress (4): 26 kB | 21/271 kB | 27/425 kB | 5.0/428 kBProgress (4): 26 kB | 21/271 kB | 30/425 kB | 5.0/428 kBProgress (4): 26 kB | 21/271 kB | 33/425 kB | 5.0/428 kBProgress (4): 26 kB | 21/271 kB | 33/425 kB | 7.7/428 kBProgress (4): 26 kB | 24/271 kB | 33/425 kB | 7.7/428 kBProgress (4): 26 kB | 24/271 kB | 33/425 kB | 10/428 kB Progress (4): 26 kB | 27/271 kB | 33/425 kB | 10/428 kBProgress (4): 26 kB | 30/271 kB | 33/425 kB | 10/428 kBProgress (4): 26 kB | 32/271 kB | 33/425 kB | 10/428 kBProgress (4): 26 kB | 35/271 kB | 33/425 kB | 10/428 kBProgress (4): 26 kB | 38/271 kB | 33/425 kB | 10/428 kBProgress (4): 26 kB | 41/271 kB | 33/425 kB | 10/428 kBProgress (4): 26 kB | 43/271 kB | 33/425 kB | 10/428 kBProgress (4): 26 kB | 46/271 kB | 33/425 kB | 10/428 kBProgress (4): 26 kB | 46/271 kB | 35/425 kB | 10/428 kBProgress (4): 26 kB | 46/271 kB | 38/425 kB | 10/428 kBProgress (4): 26 kB | 46/271 kB | 41/425 kB | 10/428 kBProgress (4): 26 kB | 46/271 kB | 44/425 kB | 10/428 kBProgress (5): 26 kB | 46/271 kB | 44/425 kB | 10/428 kB | 0.1/12 MBProgress (5): 26 kB | 46/271 kB | 44/425 kB | 13/428 kB | 0.1/12 MBProgress (5): 26 kB | 46/271 kB | 44/425 kB | 16/428 kB | 0.1/12 MBProgress (5): 26 kB | 49/271 kB | 44/425 kB | 16/428 kB | 0.1/12 MBProgress (5): 26 kB | 49/271 kB | 44/425 kB | 18/428 kB | 0.1/12 MBProgress (5): 26 kB | 52/271 kB | 44/425 kB | 18/428 kB | 0.1/12 MBProgress (5): 26 kB | 54/271 kB | 44/425 kB | 18/428 kB | 0.1/12 MBProgress (5): 26 kB | 54/271 kB | 46/425 kB | 18/428 kB | 0.1/12 MBProgress (5): 26 kB | 54/271 kB | 49/425 kB | 18/428 kB | 0.1/12 MBProgress (5): 26 kB | 54/271 kB | 52/425 kB | 18/428 kB | 0.1/12 MBProgress (5): 26 kB | 54/271 kB | 52/425 kB | 21/428 kB | 0.1/12 MBProgress (5): 26 kB | 54/271 kB | 52/425 kB | 24/428 kB | 0.1/12 MBProgress (5): 26 kB | 54/271 kB | 52/425 kB | 26/428 kB | 0.1/12 MBProgress (5): 26 kB | 57/271 kB | 52/425 kB | 26/428 kB | 0.1/12 MBProgress (5): 26 kB | 61/271 kB | 52/425 kB | 26/428 kB | 0.1/12 MBProgress (5): 26 kB | 66/271 kB | 52/425 kB | 26/428 kB | 0.1/12 MBProgress (5): 26 kB | 70/271 kB | 52/425 kB | 26/428 kB | 0.1/12 MBProgress (5): 26 kB | 74/271 kB | 52/425 kB | 26/428 kB | 0.1/12 MBProgress (5): 26 kB | 74/271 kB | 52/425 kB | 29/428 kB | 0.1/12 MBProgress (5): 26 kB | 74/271 kB | 54/425 kB | 29/428 kB | 0.1/12 MBProgress (5): 26 kB | 74/271 kB | 54/425 kB | 32/428 kB | 0.1/12 MBProgress (5): 26 kB | 74/271 kB | 59/425 kB | 32/428 kB | 0.1/12 MBProgress (5): 26 kB | 74/271 kB | 59/425 kB | 35/428 kB | 0.1/12 MBProgress (5): 26 kB | 74/271 kB | 63/425 kB | 35/428 kB | 0.1/12 MBProgress (5): 26 kB | 74/271 kB | 63/425 kB | 37/428 kB | 0.1/12 MBProgress (5): 26 kB | 74/271 kB | 67/425 kB | 37/428 kB | 0.1/12 MBProgress (5): 26 kB | 74/271 kB | 71/425 kB | 37/428 kB | 0.1/12 MBProgress (5): 26 kB | 74/271 kB | 75/425 kB | 37/428 kB | 0.1/12 MBProgress (5): 26 kB | 74/271 kB | 79/425 kB | 37/428 kB | 0.1/12 MBProgress (5): 26 kB | 74/271 kB | 83/425 kB | 37/428 kB | 0.1/12 MB                                                                   Downloaded from central: https://repo.maven.apache.org/maven2/org/springframework/build/aws-maven/5.0.0.RELEASE/aws-maven-5.0.0.RELEASE.jar (26 kB at 202 kB/s)
Downloading from central: https://repo.maven.apache.org/maven2/org/apache/httpcomponents/httpcore/4.2/httpcore-4.2.jar
Progress (4): 74/271 kB | 83/425 kB | 37/428 kB | 0.1/12 MBProgress (4): 74/271 kB | 83/425 kB | 40/428 kB | 0.1/12 MBProgress (4): 74/271 kB | 83/425 kB | 43/428 kB | 0.1/12 MBProgress (4): 78/271 kB | 83/425 kB | 43/428 kB | 0.1/12 MBProgress (4): 82/271 kB | 83/425 kB | 43/428 kB | 0.1/12 MBProgress (4): 82/271 kB | 87/425 kB | 43/428 kB | 0.1/12 MBProgress (4): 82/271 kB | 91/425 kB | 43/428 kB | 0.1/12 MBProgress (4): 82/271 kB | 91/425 kB | 46/428 kB | 0.1/12 MBProgress (4): 86/271 kB | 91/425 kB | 46/428 kB | 0.1/12 MBProgress (4): 90/271 kB | 91/425 kB | 46/428 kB | 0.1/12 MBProgress (4): 90/271 kB | 91/425 kB | 48/428 kB | 0.1/12 MBProgress (4): 94/271 kB | 91/425 kB | 48/428 kB | 0.1/12 MBProgress (4): 94/271 kB | 91/425 kB | 51/428 kB | 0.1/12 MBProgress (4): 98/271 kB | 91/425 kB | 51/428 kB | 0.1/12 MBProgress (4): 102/271 kB | 91/425 kB | 51/428 kB | 0.1/12 MBProgress (4): 106/271 kB | 91/425 kB | 51/428 kB | 0.1/12 MBProgress (4): 111/271 kB | 91/425 kB | 51/428 kB | 0.1/12 MBProgress (4): 115/271 kB | 91/425 kB | 51/428 kB | 0.1/12 MBProgress (4): 119/271 kB | 91/425 kB | 51/428 kB | 0.1/12 MBProgress (4): 123/271 kB | 91/425 kB | 51/428 kB | 0.1/12 MBProgress (4): 125/271 kB | 91/425 kB | 51/428 kB | 0.1/12 MBProgress (4): 129/271 kB | 91/425 kB | 51/428 kB | 0.1/12 MBProgress (4): 133/271 kB | 91/425 kB | 51/428 kB | 0.1/12 MBProgress (4): 137/271 kB | 91/425 kB | 51/428 kB | 0.1/12 MBProgress (4): 141/271 kB | 91/425 kB | 51/428 kB | 0.1/12 MBProgress (4): 141/271 kB | 91/425 kB | 51/428 kB | 0.2/12 MBProgress (4): 141/271 kB | 91/425 kB | 54/428 kB | 0.2/12 MBProgress (4): 141/271 kB | 91/425 kB | 58/428 kB | 0.2/12 MBProgress (4): 141/271 kB | 91/425 kB | 62/428 kB | 0.2/12 MBProgress (4): 141/271 kB | 91/425 kB | 66/428 kB | 0.2/12 MBProgress (4): 141/271 kB | 91/425 kB | 70/428 kB | 0.2/12 MBProgress (4): 141/271 kB | 91/425 kB | 74/428 kB | 0.2/12 MBProgress (4): 141/271 kB | 91/425 kB | 78/428 kB | 0.2/12 MBProgress (4): 141/271 kB | 95/425 kB | 78/428 kB | 0.2/12 MBProgress (4): 141/271 kB | 100/425 kB | 78/428 kB | 0.2/12 MBProgress (4): 141/271 kB | 104/425 kB | 78/428 kB | 0.2/12 MBProgress (4): 141/271 kB | 108/425 kB | 78/428 kB | 0.2/12 MBProgress (4): 141/271 kB | 112/425 kB | 78/428 kB | 0.2/12 MBProgress (4): 141/271 kB | 116/425 kB | 78/428 kB | 0.2/12 MBProgress (4): 141/271 kB | 120/425 kB | 78/428 kB | 0.2/12 MBProgress (4): 141/271 kB | 122/425 kB | 78/428 kB | 0.2/12 MBProgress (4): 141/271 kB | 126/425 kB | 78/428 kB | 0.2/12 MBProgress (4): 145/271 kB | 126/425 kB | 78/428 kB | 0.2/12 MBProgress (4): 150/271 kB | 126/425 kB | 78/428 kB | 0.2/12 MBProgress (4): 154/271 kB | 126/425 kB | 78/428 kB | 0.2/12 MBProgress (4): 158/271 kB | 126/425 kB | 78/428 kB | 0.2/12 MBProgress (4): 162/271 kB | 126/425 kB | 78/428 kB | 0.2/12 MBProgress (4): 166/271 kB | 126/425 kB | 78/428 kB | 0.2/12 MBProgress (4): 170/271 kB | 126/425 kB | 78/428 kB | 0.2/12 MBProgress (4): 170/271 kB | 130/425 kB | 78/428 kB | 0.2/12 MBProgress (4): 170/271 kB | 134/425 kB | 78/428 kB | 0.2/12 MBProgress (4): 170/271 kB | 139/425 kB | 78/428 kB | 0.2/12 MBProgress (4): 170/271 kB | 143/425 kB | 78/428 kB | 0.2/12 MBProgress (4): 170/271 kB | 147/425 kB | 78/428 kB | 0.2/12 MBProgress (4): 170/271 kB | 151/425 kB | 78/428 kB | 0.2/12 MBProgress (4): 170/271 kB | 155/425 kB | 78/428 kB | 0.2/12 MBProgress (4): 170/271 kB | 155/425 kB | 81/428 kB | 0.2/12 MBProgress (4): 170/271 kB | 155/425 kB | 85/428 kB | 0.2/12 MBProgress (4): 170/271 kB | 155/425 kB | 89/428 kB | 0.2/12 MBProgress (4): 170/271 kB | 155/425 kB | 93/428 kB | 0.2/12 MBProgress (4): 170/271 kB | 155/425 kB | 97/428 kB | 0.2/12 MBProgress (4): 170/271 kB | 155/425 kB | 101/428 kB | 0.2/12 MBProgress (4): 170/271 kB | 155/425 kB | 105/428 kB | 0.2/12 MBProgress (4): 170/271 kB | 155/425 kB | 109/428 kB | 0.2/12 MBProgress (4): 170/271 kB | 155/425 kB | 109/428 kB | 0.2/12 MBProgress (4): 170/271 kB | 159/425 kB | 109/428 kB | 0.2/12 MBProgress (4): 170/271 kB | 163/425 kB | 109/428 kB | 0.2/12 MBProgress (4): 170/271 kB | 167/425 kB | 109/428 kB | 0.2/12 MBProgress (4): 170/271 kB | 171/425 kB | 109/428 kB | 0.2/12 MBProgress (4): 170/271 kB | 175/425 kB | 109/428 kB | 0.2/12 MBProgress (4): 170/271 kB | 179/425 kB | 109/428 kB | 0.2/12 MBProgress (4): 170/271 kB | 184/425 kB | 109/428 kB | 0.2/12 MBProgress (4): 170/271 kB | 188/425 kB | 109/428 kB | 0.2/12 MBProgress (4): 174/271 kB | 188/425 kB | 109/428 kB | 0.2/12 MBProgress (4): 178/271 kB | 188/425 kB | 109/428 kB | 0.2/12 MBProgress (4): 182/271 kB | 188/425 kB | 109/428 kB | 0.2/12 MBProgress (4): 186/271 kB | 188/425 kB | 109/428 kB | 0.2/12 MBProgress (5): 186/271 kB | 188/425 kB | 109/428 kB | 0.2/12 MB | 4.1/223 kBProgress (5): 191/271 kB | 188/425 kB | 109/428 kB | 0.2/12 MB | 4.1/223 kBProgress (5): 193/271 kB | 188/425 kB | 109/428 kB | 0.2/12 MB | 4.1/223 kBProgress (5): 197/271 kB | 188/425 kB | 109/428 kB | 0.2/12 MB | 4.1/223 kBProgress (5): 201/271 kB | 188/425 kB | 109/428 kB | 0.2/12 MB | 4.1/223 kBProgress (5): 205/271 kB | 188/425 kB | 109/428 kB | 0.2/12 MB | 4.1/223 kBProgress (5): 205/271 kB | 188/425 kB | 113/428 kB | 0.2/12 MB | 4.1/223 kBProgress (5): 205/271 kB | 188/425 kB | 117/428 kB | 0.2/12 MB | 4.1/223 kBProgress (5): 205/271 kB | 188/425 kB | 122/428 kB | 0.2/12 MB | 4.1/223 kBProgress (5): 205/271 kB | 188/425 kB | 126/428 kB | 0.2/12 MB | 4.1/223 kBProgress (5): 205/271 kB | 188/425 kB | 130/428 kB | 0.2/12 MB | 4.1/223 kBProgress (5): 205/271 kB | 188/425 kB | 134/428 kB | 0.2/12 MB | 4.1/223 kBProgress (5): 205/271 kB | 188/425 kB | 138/428 kB | 0.2/12 MB | 4.1/223 kBProgress (5): 205/271 kB | 192/425 kB | 138/428 kB | 0.2/12 MB | 4.1/223 kBProgress (5): 205/271 kB | 196/425 kB | 138/428 kB | 0.2/12 MB | 4.1/223 kBProgress (5): 205/271 kB | 200/425 kB | 138/428 kB | 0.2/12 MB | 4.1/223 kBProgress (5): 205/271 kB | 204/425 kB | 138/428 kB | 0.2/12 MB | 4.1/223 kBProgress (5): 205/271 kB | 208/425 kB | 138/428 kB | 0.2/12 MB | 4.1/223 kBProgress (5): 205/271 kB | 208/425 kB | 138/428 kB | 0.2/12 MB | 7.7/223 kBProgress (5): 205/271 kB | 208/425 kB | 138/428 kB | 0.2/12 MB | 12/223 kB Progress (5): 205/271 kB | 208/425 kB | 138/428 kB | 0.2/12 MB | 16/223 kBProgress (5): 205/271 kB | 208/425 kB | 138/428 kB | 0.2/12 MB | 20/223 kBProgress (5): 205/271 kB | 208/425 kB | 138/428 kB | 0.2/12 MB | 24/223 kBProgress (5): 205/271 kB | 208/425 kB | 138/428 kB | 0.2/12 MB | 28/223 kBProgress (5): 205/271 kB | 208/425 kB | 138/428 kB | 0.2/12 MB | 32/223 kBProgress (5): 205/271 kB | 212/425 kB | 138/428 kB | 0.2/12 MB | 32/223 kBProgress (5): 205/271 kB | 216/425 kB | 138/428 kB | 0.2/12 MB | 32/223 kBProgress (5): 205/271 kB | 220/425 kB | 138/428 kB | 0.2/12 MB | 32/223 kBProgress (5): 209/271 kB | 220/425 kB | 138/428 kB | 0.2/12 MB | 32/223 kBProgress (5): 213/271 kB | 220/425 kB | 138/428 kB | 0.2/12 MB | 32/223 kBProgress (5): 217/271 kB | 220/425 kB | 138/428 kB | 0.2/12 MB | 32/223 kBProgress (5): 221/271 kB | 220/425 kB | 138/428 kB | 0.2/12 MB | 32/223 kBProgress (5): 225/271 kB | 220/425 kB | 138/428 kB | 0.2/12 MB | 32/223 kBProgress (5): 230/271 kB | 220/425 kB | 138/428 kB | 0.2/12 MB | 32/223 kBProgress (5): 234/271 kB | 220/425 kB | 138/428 kB | 0.2/12 MB | 32/223 kBProgress (5): 238/271 kB | 220/425 kB | 138/428 kB | 0.2/12 MB | 32/223 kBProgress (5): 238/271 kB | 220/425 kB | 138/428 kB | 0.3/12 MB | 32/223 kBProgress (5): 238/271 kB | 220/425 kB | 138/428 kB | 0.4/12 MB | 32/223 kBProgress (5): 238/271 kB | 220/425 kB | 142/428 kB | 0.4/12 MB | 32/223 kBProgress (5): 238/271 kB | 220/425 kB | 146/428 kB | 0.4/12 MB | 32/223 kBProgress (5): 238/271 kB | 220/425 kB | 150/428 kB | 0.4/12 MB | 32/223 kBProgress (5): 238/271 kB | 220/425 kB | 154/428 kB | 0.4/12 MB | 32/223 kBProgress (5): 238/271 kB | 220/425 kB | 158/428 kB | 0.4/12 MB | 32/223 kBProgress (5): 238/271 kB | 220/425 kB | 163/428 kB | 0.4/12 MB | 32/223 kBProgress (5): 238/271 kB | 220/425 kB | 167/428 kB | 0.4/12 MB | 32/223 kBProgress (5): 238/271 kB | 220/425 kB | 171/428 kB | 0.4/12 MB | 32/223 kBProgress (5): 238/271 kB | 225/425 kB | 171/428 kB | 0.4/12 MB | 32/223 kBProgress (5): 238/271 kB | 229/425 kB | 171/428 kB | 0.4/12 MB | 32/223 kBProgress (5): 238/271 kB | 233/425 kB | 171/428 kB | 0.4/12 MB | 32/223 kBProgress (5): 238/271 kB | 237/425 kB | 171/428 kB | 0.4/12 MB | 32/223 kBProgress (5): 238/271 kB | 241/425 kB | 171/428 kB | 0.4/12 MB | 32/223 kBProgress (5): 238/271 kB | 241/425 kB | 171/428 kB | 0.4/12 MB | 36/223 kBProgress (5): 238/271 kB | 241/425 kB | 171/428 kB | 0.4/12 MB | 40/223 kBProgress (5): 238/271 kB | 241/425 kB | 171/428 kB | 0.4/12 MB | 45/223 kBProgress (5): 238/271 kB | 241/425 kB | 171/428 kB | 0.4/12 MB | 49/223 kBProgress (5): 238/271 kB | 241/425 kB | 171/428 kB | 0.4/12 MB | 53/223 kBProgress (5): 238/271 kB | 241/425 kB | 171/428 kB | 0.4/12 MB | 57/223 kBProgress (5): 238/271 kB | 241/425 kB | 171/428 kB | 0.4/12 MB | 61/223 kBProgress (5): 238/271 kB | 241/425 kB | 171/428 kB | 0.4/12 MB | 65/223 kBProgress (5): 242/271 kB | 241/425 kB | 171/428 kB | 0.4/12 MB | 65/223 kBProgress (5): 246/271 kB | 241/425 kB | 171/428 kB | 0.4/12 MB | 65/223 kBProgress (5): 250/271 kB | 241/425 kB | 171/428 kB | 0.4/12 MB | 65/223 kBProgress (5): 254/271 kB | 241/425 kB | 171/428 kB | 0.4/12 MB | 65/223 kBProgress (5): 258/271 kB | 241/425 kB | 171/428 kB | 0.4/12 MB | 65/223 kBProgress (5): 262/271 kB | 241/425 kB | 171/428 kB | 0.4/12 MB | 65/223 kBProgress (5): 266/271 kB | 241/425 kB | 171/428 kB | 0.4/12 MB | 65/223 kBProgress (5): 270/271 kB | 241/425 kB | 171/428 kB | 0.4/12 MB | 65/223 kBProgress (5): 271 kB | 241/425 kB | 171/428 kB | 0.4/12 MB | 65/223 kB    Progress (5): 271 kB | 241/425 kB | 175/428 kB | 0.4/12 MB | 65/223 kBProgress (5): 271 kB | 241/425 kB | 179/428 kB | 0.4/12 MB | 65/223 kBProgress (5): 271 kB | 241/425 kB | 183/428 kB | 0.4/12 MB | 65/223 kBProgress (5): 271 kB | 241/425 kB | 187/428 kB | 0.4/12 MB | 65/223 kBProgress (5): 271 kB | 241/425 kB | 191/428 kB | 0.4/12 MB | 65/223 kBProgress (5): 271 kB | 241/425 kB | 195/428 kB | 0.4/12 MB | 65/223 kBProgress (5): 271 kB | 241/425 kB | 197/428 kB | 0.4/12 MB | 65/223 kBProgress (5): 271 kB | 241/425 kB | 202/428 kB | 0.4/12 MB | 65/223 kBProgress (5): 271 kB | 245/425 kB | 202/428 kB | 0.4/12 MB | 65/223 kBProgress (5): 271 kB | 249/425 kB | 202/428 kB | 0.4/12 MB | 65/223 kBProgress (5): 271 kB | 253/425 kB | 202/428 kB | 0.4/12 MB | 65/223 kBProgress (5): 271 kB | 257/425 kB | 202/428 kB | 0.4/12 MB | 65/223 kBProgress (5): 271 kB | 261/425 kB | 202/428 kB | 0.4/12 MB | 65/223 kBProgress (5): 271 kB | 265/425 kB | 202/428 kB | 0.4/12 MB | 65/223 kBProgress (5): 271 kB | 265/425 kB | 202/428 kB | 0.4/12 MB | 69/223 kBProgress (5): 271 kB | 265/425 kB | 202/428 kB | 0.4/12 MB | 73/223 kBProgress (5): 271 kB | 265/425 kB | 202/428 kB | 0.4/12 MB | 77/223 kBProgress (5): 271 kB | 265/425 kB | 202/428 kB | 0.4/12 MB | 81/223 kBProgress (5): 271 kB | 265/425 kB | 202/428 kB | 0.4/12 MB | 86/223 kBProgress (5): 271 kB | 265/425 kB | 202/428 kB | 0.4/12 MB | 90/223 kBProgress (5): 271 kB | 265/425 kB | 202/428 kB | 0.4/12 MB | 94/223 kBProgress (5): 271 kB | 265/425 kB | 202/428 kB | 0.4/12 MB | 98/223 kBProgress (5): 271 kB | 270/425 kB | 202/428 kB | 0.4/12 MB | 98/223 kBProgress (5): 271 kB | 274/425 kB | 202/428 kB | 0.4/12 MB | 98/223 kBProgress (5): 271 kB | 278/425 kB | 202/428 kB | 0.4/12 MB | 98/223 kBProgress (5): 271 kB | 282/425 kB | 202/428 kB | 0.4/12 MB | 98/223 kBProgress (5): 271 kB | 286/425 kB | 202/428 kB | 0.4/12 MB | 98/223 kBProgress (5): 271 kB | 290/425 kB | 202/428 kB | 0.4/12 MB | 98/223 kBProgress (5): 271 kB | 294/425 kB | 202/428 kB | 0.4/12 MB | 98/223 kBProgress (5): 271 kB | 298/425 kB | 202/428 kB | 0.4/12 MB | 98/223 kBProgress (5): 271 kB | 302/425 kB | 202/428 kB | 0.4/12 MB | 98/223 kBProgress (5): 271 kB | 306/425 kB | 202/428 kB | 0.4/12 MB | 98/223 kBProgress (5): 271 kB | 311/425 kB | 202/428 kB | 0.4/12 MB | 98/223 kBProgress (5): 271 kB | 315/425 kB | 202/428 kB | 0.4/12 MB | 98/223 kBProgress (5): 271 kB | 319/425 kB | 202/428 kB | 0.4/12 MB | 98/223 kBProgress (5): 271 kB | 323/425 kB | 202/428 kB | 0.4/12 MB | 98/223 kBProgress (5): 271 kB | 327/425 kB | 202/428 kB | 0.4/12 MB | 98/223 kBProgress (5): 271 kB | 331/425 kB | 202/428 kB | 0.4/12 MB | 98/223 kBProgress (5): 271 kB | 331/425 kB | 202/428 kB | 0.4/12 MB | 102/223 kBProgress (5): 271 kB | 331/425 kB | 202/428 kB | 0.4/12 MB | 106/223 kBProgress (5): 271 kB | 331/425 kB | 202/428 kB | 0.4/12 MB | 110/223 kBProgress (5): 271 kB | 331/425 kB | 202/428 kB | 0.4/12 MB | 114/223 kBProgress (5): 271 kB | 331/425 kB | 202/428 kB | 0.4/12 MB | 118/223 kBProgress (5): 271 kB | 331/425 kB | 202/428 kB | 0.4/12 MB | 122/223 kBProgress (5): 271 kB | 331/425 kB | 202/428 kB | 0.4/12 MB | 127/223 kBProgress (5): 271 kB | 331/425 kB | 202/428 kB | 0.4/12 MB | 131/223 kBProgress (5): 271 kB | 331/425 kB | 202/428 kB | 0.4/12 MB | 135/223 kBProgress (5): 271 kB | 331/425 kB | 202/428 kB | 0.4/12 MB | 139/223 kBProgress (5): 271 kB | 331/425 kB | 202/428 kB | 0.4/12 MB | 143/223 kBProgress (5): 271 kB | 331/425 kB | 202/428 kB | 0.4/12 MB | 147/223 kBProgress (5): 271 kB | 331/425 kB | 202/428 kB | 0.4/12 MB | 151/223 kBProgress (5): 271 kB | 331/425 kB | 202/428 kB | 0.4/12 MB | 155/223 kBProgress (5): 271 kB | 331/425 kB | 202/428 kB | 0.4/12 MB | 159/223 kBProgress (5): 271 kB | 331/425 kB | 202/428 kB | 0.4/12 MB | 163/223 kBProgress (5): 271 kB | 331/425 kB | 202/428 kB | 0.4/12 MB | 163/223 kBProgress (5): 271 kB | 331/425 kB | 202/428 kB | 0.5/12 MB | 163/223 kBProgress (5): 271 kB | 331/425 kB | 206/428 kB | 0.5/12 MB | 163/223 kBProgress (5): 271 kB | 331/425 kB | 210/428 kB | 0.5/12 MB | 163/223 kBProgress (5): 271 kB | 331/425 kB | 214/428 kB | 0.5/12 MB | 163/223 kBProgress (5): 271 kB | 331/425 kB | 218/428 kB | 0.5/12 MB | 163/223 kBProgress (5): 271 kB | 331/425 kB | 222/428 kB | 0.5/12 MB | 163/223 kBProgress (5): 271 kB | 331/425 kB | 226/428 kB | 0.5/12 MB | 163/223 kBProgress (5): 271 kB | 331/425 kB | 230/428 kB | 0.5/12 MB | 163/223 kBProgress (5): 271 kB | 331/425 kB | 234/428 kB | 0.5/12 MB | 163/223 kBProgress (5): 271 kB | 331/425 kB | 238/428 kB | 0.5/12 MB | 163/223 kBProgress (5): 271 kB | 335/425 kB | 238/428 kB | 0.5/12 MB | 163/223 kBProgress (5): 271 kB | 339/425 kB | 238/428 kB | 0.5/12 MB | 163/223 kBProgress (5): 271 kB | 343/425 kB | 238/428 kB | 0.5/12 MB | 163/223 kBProgress (5): 271 kB | 347/425 kB | 238/428 kB | 0.5/12 MB | 163/223 kBProgress (5): 271 kB | 352/425 kB | 238/428 kB | 0.5/12 MB | 163/223 kBProgress (5): 271 kB | 356/425 kB | 238/428 kB | 0.5/12 MB | 163/223 kBProgress (5): 271 kB | 360/425 kB | 238/428 kB | 0.5/12 MB | 163/223 kBProgress (5): 271 kB | 364/425 kB | 238/428 kB | 0.5/12 MB | 163/223 kBProgress (5): 271 kB | 368/425 kB | 238/428 kB | 0.5/12 MB | 163/223 kBProgress (5): 271 kB | 372/425 kB | 238/428 kB | 0.5/12 MB | 163/223 kBProgress (5): 271 kB | 376/425 kB | 238/428 kB | 0.5/12 MB | 163/223 kBProgress (5): 271 kB | 380/425 kB | 238/428 kB | 0.5/12 MB | 163/223 kBProgress (5): 271 kB | 384/425 kB | 238/428 kB | 0.5/12 MB | 163/223 kBProgress (5): 271 kB | 388/425 kB | 238/428 kB | 0.5/12 MB | 163/223 kBProgress (5): 271 kB | 392/425 kB | 238/428 kB | 0.5/12 MB | 163/223 kBProgress (5): 271 kB | 397/425 kB | 238/428 kB | 0.5/12 MB | 163/223 kBProgress (5): 271 kB | 401/425 kB | 238/428 kB | 0.5/12 MB | 163/223 kBProgress (5): 271 kB | 405/425 kB | 238/428 kB | 0.5/12 MB | 163/223 kBProgress (5): 271 kB | 409/425 kB | 238/428 kB | 0.5/12 MB | 163/223 kBProgress (5): 271 kB | 413/425 kB | 238/428 kB | 0.5/12 MB | 163/223 kBProgress (5): 271 kB | 413/425 kB | 238/428 kB | 0.5/12 MB | 167/223 kBProgress (5): 271 kB | 413/425 kB | 238/428 kB | 0.5/12 MB | 171/223 kBProgress (5): 271 kB | 413/425 kB | 238/428 kB | 0.5/12 MB | 176/223 kBProgress (5): 271 kB | 413/425 kB | 238/428 kB | 0.5/12 MB | 180/223 kBProgress (5): 271 kB | 413/425 kB | 238/428 kB | 0.5/12 MB | 184/223 kBProgress (5): 271 kB | 413/425 kB | 238/428 kB | 0.5/12 MB | 188/223 kBProgress (5): 271 kB | 413/425 kB | 238/428 kB | 0.5/12 MB | 192/223 kBProgress (5): 271 kB | 413/425 kB | 238/428 kB | 0.5/12 MB | 196/223 kBProgress (5): 271 kB | 413/425 kB | 238/428 kB | 0.5/12 MB | 200/223 kBProgress (5): 271 kB | 413/425 kB | 238/428 kB | 0.5/12 MB | 204/223 kBProgress (5): 271 kB | 413/425 kB | 238/428 kB | 0.5/12 MB | 208/223 kBProgress (5): 271 kB | 413/425 kB | 238/428 kB | 0.5/12 MB | 212/223 kB                                                                       Downloaded from central: https://repo.maven.apache.org/maven2/ch/qos/logback/logback-classic/1.1.1/logback-classic-1.1.1.jar (271 kB at 1.1 MB/s)
Downloading from central: https://repo.maven.apache.org/maven2/commons-codec/commons-codec/1.3/commons-codec-1.3.jar
Progress (4): 413/425 kB | 238/428 kB | 0.5/12 MB | 217/223 kBProgress (4): 413/425 kB | 238/428 kB | 0.5/12 MB | 221/223 kBProgress (4): 413/425 kB | 238/428 kB | 0.5/12 MB | 223 kB    Progress (4): 413/425 kB | 238/428 kB | 0.5/12 MB | 223 kBProgress (4): 413/425 kB | 243/428 kB | 0.5/12 MB | 223 kBProgress (4): 413/425 kB | 247/428 kB | 0.5/12 MB | 223 kBProgress (4): 413/425 kB | 251/428 kB | 0.5/12 MB | 223 kBProgress (4): 413/425 kB | 255/428 kB | 0.5/12 MB | 223 kBProgress (4): 413/425 kB | 259/428 kB | 0.5/12 MB | 223 kBProgress (4): 413/425 kB | 263/428 kB | 0.5/12 MB | 223 kBProgress (4): 413/425 kB | 267/428 kB | 0.5/12 MB | 223 kBProgress (4): 413/425 kB | 271/428 kB | 0.5/12 MB | 223 kBProgress (4): 413/425 kB | 274/428 kB | 0.5/12 MB | 223 kBProgress (4): 417/425 kB | 274/428 kB | 0.5/12 MB | 223 kBProgress (4): 421/425 kB | 274/428 kB | 0.5/12 MB | 223 kBProgress (4): 425 kB | 274/428 kB | 0.5/12 MB | 223 kB    Progress (4): 425 kB | 278/428 kB | 0.5/12 MB | 223 kBProgress (4): 425 kB | 278/428 kB | 0.6/12 MB | 223 kBProgress (4): 425 kB | 282/428 kB | 0.6/12 MB | 223 kBProgress (4): 425 kB | 286/428 kB | 0.6/12 MB | 223 kBProgress (4): 425 kB | 290/428 kB | 0.6/12 MB | 223 kBProgress (4): 425 kB | 294/428 kB | 0.6/12 MB | 223 kBProgress (4): 425 kB | 298/428 kB | 0.6/12 MB | 223 kBProgress (4): 425 kB | 302/428 kB | 0.6/12 MB | 223 kBProgress (4): 425 kB | 306/428 kB | 0.6/12 MB | 223 kBProgress (4): 425 kB | 310/428 kB | 0.6/12 MB | 223 kBProgress (4): 425 kB | 315/428 kB | 0.6/12 MB | 223 kBProgress (4): 425 kB | 319/428 kB | 0.6/12 MB | 223 kBProgress (4): 425 kB | 323/428 kB | 0.6/12 MB | 223 kBProgress (4): 425 kB | 323/428 kB | 0.6/12 MB | 223 kBProgress (4): 425 kB | 323/428 kB | 0.7/12 MB | 223 kBProgress (4): 425 kB | 327/428 kB | 0.7/12 MB | 223 kBProgress (4): 425 kB | 331/428 kB | 0.7/12 MB | 223 kBProgress (4): 425 kB | 335/428 kB | 0.7/12 MB | 223 kBProgress (4): 425 kB | 339/428 kB | 0.7/12 MB | 223 kBProgress (4): 425 kB | 343/428 kB | 0.7/12 MB | 223 kBProgress (4): 425 kB | 347/428 kB | 0.7/12 MB | 223 kBProgress (4): 425 kB | 351/428 kB | 0.7/12 MB | 223 kBProgress (4): 425 kB | 355/428 kB | 0.7/12 MB | 223 kBProgress (4): 425 kB | 360/428 kB | 0.7/12 MB | 223 kBProgress (4): 425 kB | 364/428 kB | 0.7/12 MB | 223 kBProgress (4): 425 kB | 368/428 kB | 0.7/12 MB | 223 kBProgress (4): 425 kB | 372/428 kB | 0.7/12 MB | 223 kBProgress (4): 425 kB | 376/428 kB | 0.7/12 MB | 223 kBProgress (4): 425 kB | 380/428 kB | 0.7/12 MB | 223 kBProgress (4): 425 kB | 384/428 kB | 0.7/12 MB | 223 kBProgress (4): 425 kB | 388/428 kB | 0.7/12 MB | 223 kBProgress (4): 425 kB | 392/428 kB | 0.7/12 MB | 223 kBProgress (4): 425 kB | 396/428 kB | 0.7/12 MB | 223 kBProgress (4): 425 kB | 401/428 kB | 0.7/12 MB | 223 kBProgress (4): 425 kB | 401/428 kB | 0.8/12 MB | 223 kBProgress (4): 425 kB | 405/428 kB | 0.8/12 MB | 223 kBProgress (4): 425 kB | 409/428 kB | 0.8/12 MB | 223 kBProgress (4): 425 kB | 413/428 kB | 0.8/12 MB | 223 kBProgress (4): 425 kB | 417/428 kB | 0.8/12 MB | 223 kBProgress (4): 425 kB | 421/428 kB | 0.8/12 MB | 223 kBProgress (4): 425 kB | 425/428 kB | 0.8/12 MB | 223 kBProgress (4): 425 kB | 428 kB | 0.8/12 MB | 223 kB    Progress (5): 425 kB | 428 kB | 0.8/12 MB | 223 kB | 4.1/47 kBProgress (5): 425 kB | 428 kB | 0.8/12 MB | 223 kB | 7.7/47 kBProgress (5): 425 kB | 428 kB | 0.8/12 MB | 223 kB | 12/47 kB Progress (5): 425 kB | 428 kB | 0.8/12 MB | 223 kB | 16/47 kBProgress (5): 425 kB | 428 kB | 0.8/12 MB | 223 kB | 20/47 kBProgress (5): 425 kB | 428 kB | 0.8/12 MB | 223 kB | 24/47 kBProgress (5): 425 kB | 428 kB | 0.8/12 MB | 223 kB | 28/47 kBProgress (5): 425 kB | 428 kB | 0.8/12 MB | 223 kB | 32/47 kBProgress (5): 425 kB | 428 kB | 0.8/12 MB | 223 kB | 36/47 kBProgress (5): 425 kB | 428 kB | 0.8/12 MB | 223 kB | 40/47 kBProgress (5): 425 kB | 428 kB | 0.8/12 MB | 223 kB | 45/47 kBProgress (5): 425 kB | 428 kB | 0.8/12 MB | 223 kB | 47 kB                                                             Downloaded from central: https://repo.maven.apache.org/maven2/org/apache/httpcomponents/httpclient/4.2/httpclient-4.2.jar (425 kB at 1.5 MB/s)
Downloading from central: https://repo.maven.apache.org/maven2/com/fasterxml/jackson/core/jackson-core/2.1.1/jackson-core-2.1.1.jar
Downloaded from central: https://repo.maven.apache.org/maven2/org/apache/httpcomponents/httpcore/4.2/httpcore-4.2.jar (223 kB at 767 kB/s)
Progress (3): 428 kB | 0.8/12 MB | 47 kB                                        Downloading from central: https://repo.maven.apache.org/maven2/com/fasterxml/jackson/core/jackson-databind/2.1.1/jackson-databind-2.1.1.jar
Progress (3): 428 kB | 0.9/12 MB | 47 kBProgress (3): 428 kB | 0.9/12 MB | 47 kBProgress (3): 428 kB | 1.0/12 MB | 47 kBProgress (3): 428 kB | 1.0/12 MB | 47 kBProgress (3): 428 kB | 1.1/12 MB | 47 kBProgress (3): 428 kB | 1.2/12 MB | 47 kBProgress (3): 428 kB | 1.2/12 MB | 47 kB                                        Downloaded from central: https://repo.maven.apache.org/maven2/commons-codec/commons-codec/1.3/commons-codec-1.3.jar (47 kB at 143 kB/s)
Downloading from central: https://repo.maven.apache.org/maven2/com/fasterxml/jackson/core/jackson-annotations/2.1.1/jackson-annotations-2.1.1.jar
Downloaded from central: https://repo.maven.apache.org/maven2/ch/qos/logback/logback-core/1.1.1/logback-core-1.1.1.jar (428 kB at 1.3 MB/s)
Progress (2): 1.2/12 MB | 4.1/206 kBProgress (2): 1.2/12 MB | 7.7/206 kBProgress (2): 1.2/12 MB | 12/206 kB Progress (2): 1.2/12 MB | 16/206 kBProgress (2): 1.2/12 MB | 20/206 kBProgress (2): 1.2/12 MB | 24/206 kBProgress (2): 1.2/12 MB | 28/206 kBProgress (2): 1.2/12 MB | 32/206 kBProgress (2): 1.2/12 MB | 36/206 kB                                   Downloading from central: https://repo.maven.apache.org/maven2/joda-time/joda-time/2.14.0/joda-time-2.14.0.jar
Progress (2): 1.3/12 MB | 36/206 kBProgress (2): 1.3/12 MB | 36/206 kBProgress (2): 1.3/12 MB | 40/206 kBProgress (2): 1.3/12 MB | 45/206 kBProgress (2): 1.3/12 MB | 49/206 kBProgress (2): 1.3/12 MB | 53/206 kBProgress (2): 1.3/12 MB | 57/206 kBProgress (2): 1.3/12 MB | 61/206 kBProgress (2): 1.3/12 MB | 65/206 kBProgress (2): 1.3/12 MB | 69/206 kBProgress (2): 1.3/12 MB | 73/206 kBProgress (2): 1.3/12 MB | 77/206 kBProgress (2): 1.3/12 MB | 81/206 kBProgress (2): 1.3/12 MB | 86/206 kBProgress (2): 1.3/12 MB | 90/206 kBProgress (2): 1.3/12 MB | 94/206 kBProgress (2): 1.3/12 MB | 98/206 kBProgress (2): 1.3/12 MB | 102/206 kBProgress (2): 1.3/12 MB | 106/206 kBProgress (2): 1.3/12 MB | 110/206 kBProgress (2): 1.3/12 MB | 114/206 kBProgress (2): 1.3/12 MB | 118/206 kBProgress (2): 1.3/12 MB | 122/206 kBProgress (2): 1.3/12 MB | 127/206 kBProgress (2): 1.3/12 MB | 131/206 kBProgress (2): 1.4/12 MB | 131/206 kBProgress (3): 1.4/12 MB | 131/206 kB | 7.7/923 kBProgress (3): 1.4/12 MB | 131/206 kB | 16/923 kB Progress (3): 1.4/12 MB | 131/206 kB | 24/923 kBProgress (3): 1.4/12 MB | 131/206 kB | 32/923 kBProgress (3): 1.4/12 MB | 135/206 kB | 32/923 kBProgress (3): 1.4/12 MB | 139/206 kB | 32/923 kBProgress (3): 1.4/12 MB | 143/206 kB | 32/923 kBProgress (3): 1.4/12 MB | 147/206 kB | 32/923 kBProgress (3): 1.4/12 MB | 151/206 kB | 32/923 kBProgress (3): 1.4/12 MB | 155/206 kB | 32/923 kBProgress (3): 1.4/12 MB | 159/206 kB | 32/923 kBProgress (3): 1.4/12 MB | 163/206 kB | 32/923 kBProgress (3): 1.4/12 MB | 167/206 kB | 32/923 kBProgress (3): 1.4/12 MB | 167/206 kB | 40/923 kBProgress (3): 1.4/12 MB | 167/206 kB | 49/923 kBProgress (3): 1.4/12 MB | 167/206 kB | 57/923 kBProgress (3): 1.4/12 MB | 167/206 kB | 65/923 kBProgress (3): 1.4/12 MB | 167/206 kB | 73/923 kBProgress (3): 1.5/12 MB | 167/206 kB | 73/923 kBProgress (3): 1.5/12 MB | 167/206 kB | 81/923 kBProgress (3): 1.5/12 MB | 167/206 kB | 90/923 kBProgress (4): 1.5/12 MB | 167/206 kB | 90/923 kB | 4.0/34 kBProgress (4): 1.5/12 MB | 167/206 kB | 90/923 kB | 8.1/34 kBProgress (4): 1.5/12 MB | 167/206 kB | 90/923 kB | 12/34 kB Progress (4): 1.5/12 MB | 167/206 kB | 90/923 kB | 16/34 kBProgress (4): 1.5/12 MB | 167/206 kB | 90/923 kB | 20/34 kBProgress (4): 1.5/12 MB | 167/206 kB | 90/923 kB | 24/34 kBProgress (4): 1.5/12 MB | 167/206 kB | 90/923 kB | 29/34 kBProgress (4): 1.5/12 MB | 167/206 kB | 90/923 kB | 33/34 kBProgress (4): 1.5/12 MB | 167/206 kB | 90/923 kB | 34 kB   Progress (4): 1.5/12 MB | 172/206 kB | 90/923 kB | 34 kBProgress (4): 1.5/12 MB | 176/206 kB | 90/923 kB | 34 kBProgress (4): 1.5/12 MB | 180/206 kB | 90/923 kB | 34 kBProgress (4): 1.5/12 MB | 184/206 kB | 90/923 kB | 34 kBProgress (4): 1.5/12 MB | 188/206 kB | 90/923 kB | 34 kBProgress (4): 1.5/12 MB | 192/206 kB | 90/923 kB | 34 kBProgress (4): 1.5/12 MB | 196/206 kB | 90/923 kB | 34 kBProgress (4): 1.5/12 MB | 200/206 kB | 90/923 kB | 34 kBProgress (4): 1.5/12 MB | 204/206 kB | 90/923 kB | 34 kBProgress (4): 1.5/12 MB | 206 kB | 90/923 kB | 34 kB    Progress (5): 1.5/12 MB | 206 kB | 90/923 kB | 34 kB | 4.1/640 kBProgress (5): 1.5/12 MB | 206 kB | 90/923 kB | 34 kB | 7.7/640 kBProgress (5): 1.5/12 MB | 206 kB | 90/923 kB | 34 kB | 12/640 kB Progress (5): 1.5/12 MB | 206 kB | 90/923 kB | 34 kB | 16/640 kBProgress (5): 1.5/12 MB | 206 kB | 90/923 kB | 34 kB | 20/640 kBProgress (5): 1.5/12 MB | 206 kB | 90/923 kB | 34 kB | 24/640 kBProgress (5): 1.5/12 MB | 206 kB | 90/923 kB | 34 kB | 28/640 kBProgress (5): 1.5/12 MB | 206 kB | 90/923 kB | 34 kB | 32/640 kBProgress (5): 1.5/12 MB | 206 kB | 90/923 kB | 34 kB | 36/640 kBProgress (5): 1.5/12 MB | 206 kB | 98/923 kB | 34 kB | 36/640 kBProgress (5): 1.5/12 MB | 206 kB | 106/923 kB | 34 kB | 36/640 kBProgress (5): 1.5/12 MB | 206 kB | 106/923 kB | 34 kB | 40/640 kBProgress (5): 1.5/12 MB | 206 kB | 106/923 kB | 34 kB | 45/640 kBProgress (5): 1.5/12 MB | 206 kB | 106/923 kB | 34 kB | 49/640 kBProgress (5): 1.5/12 MB | 206 kB | 106/923 kB | 34 kB | 53/640 kBProgress (5): 1.5/12 MB | 206 kB | 114/923 kB | 34 kB | 53/640 kBProgress (5): 1.5/12 MB | 206 kB | 122/923 kB | 34 kB | 53/640 kBProgress (5): 1.5/12 MB | 206 kB | 122/923 kB | 34 kB | 53/640 kBProgress (5): 1.5/12 MB | 206 kB | 131/923 kB | 34 kB | 53/640 kBProgress (5): 1.5/12 MB | 206 kB | 139/923 kB | 34 kB | 53/640 kBProgress (5): 1.5/12 MB | 206 kB | 147/923 kB | 34 kB | 53/640 kBProgress (5): 1.5/12 MB | 206 kB | 155/923 kB | 34 kB | 53/640 kBProgress (5): 1.6/12 MB | 206 kB | 155/923 kB | 34 kB | 53/640 kBProgress (5): 1.6/12 MB | 206 kB | 155/923 kB | 34 kB | 57/640 kBProgress (5): 1.6/12 MB | 206 kB | 155/923 kB | 34 kB | 61/640 kBProgress (5): 1.6/12 MB | 206 kB | 155/923 kB | 34 kB | 65/640 kBProgress (5): 1.6/12 MB | 206 kB | 155/923 kB | 34 kB | 69/640 kBProgress (5): 1.6/12 MB | 206 kB | 155/923 kB | 34 kB | 73/640 kBProgress (5): 1.6/12 MB | 206 kB | 155/923 kB | 34 kB | 77/640 kBProgress (5): 1.6/12 MB | 206 kB | 155/923 kB | 34 kB | 81/640 kBProgress (5): 1.6/12 MB | 206 kB | 155/923 kB | 34 kB | 86/640 kBProgress (5): 1.6/12 MB | 206 kB | 155/923 kB | 34 kB | 90/640 kBProgress (5): 1.6/12 MB | 206 kB | 155/923 kB | 34 kB | 94/640 kBProgress (5): 1.6/12 MB | 206 kB | 155/923 kB | 34 kB | 98/640 kBProgress (5): 1.6/12 MB | 206 kB | 155/923 kB | 34 kB | 102/640 kBProgress (5): 1.6/12 MB | 206 kB | 163/923 kB | 34 kB | 102/640 kBProgress (5): 1.6/12 MB | 206 kB | 172/923 kB | 34 kB | 102/640 kBProgress (5): 1.6/12 MB | 206 kB | 180/923 kB | 34 kB | 102/640 kBProgress (5): 1.6/12 MB | 206 kB | 188/923 kB | 34 kB | 102/640 kBProgress (5): 1.6/12 MB | 206 kB | 196/923 kB | 34 kB | 102/640 kBProgress (5): 1.6/12 MB | 206 kB | 204/923 kB | 34 kB | 102/640 kBProgress (5): 1.6/12 MB | 206 kB | 213/923 kB | 34 kB | 102/640 kBProgress (5): 1.6/12 MB | 206 kB | 221/923 kB | 34 kB | 102/640 kBProgress (5): 1.6/12 MB | 206 kB | 229/923 kB | 34 kB | 102/640 kBProgress (5): 1.6/12 MB | 206 kB | 237/923 kB | 34 kB | 102/640 kBProgress (5): 1.6/12 MB | 206 kB | 245/923 kB | 34 kB | 102/640 kBProgress (5): 1.6/12 MB | 206 kB | 253/923 kB | 34 kB | 102/640 kBProgress (5): 1.6/12 MB | 206 kB | 262/923 kB | 34 kB | 102/640 kBProgress (5): 1.6/12 MB | 206 kB | 262/923 kB | 34 kB | 102/640 kBProgress (5): 1.7/12 MB | 206 kB | 262/923 kB | 34 kB | 102/640 kBProgress (5): 1.7/12 MB | 206 kB | 262/923 kB | 34 kB | 106/640 kBProgress (5): 1.7/12 MB | 206 kB | 262/923 kB | 34 kB | 110/640 kBProgress (5): 1.7/12 MB | 206 kB | 262/923 kB | 34 kB | 114/640 kBProgress (5): 1.7/12 MB | 206 kB | 262/923 kB | 34 kB | 118/640 kBProgress (5): 1.7/12 MB | 206 kB | 262/923 kB | 34 kB | 122/640 kBProgress (5): 1.7/12 MB | 206 kB | 262/923 kB | 34 kB | 127/640 kBProgress (5): 1.7/12 MB | 206 kB | 262/923 kB | 34 kB | 131/640 kBProgress (5): 1.7/12 MB | 206 kB | 262/923 kB | 34 kB | 135/640 kBProgress (5): 1.7/12 MB | 206 kB | 262/923 kB | 34 kB | 139/640 kBProgress (5): 1.7/12 MB | 206 kB | 262/923 kB | 34 kB | 143/640 kBProgress (5): 1.7/12 MB | 206 kB | 262/923 kB | 34 kB | 147/640 kBProgress (5): 1.7/12 MB | 206 kB | 262/923 kB | 34 kB | 151/640 kBProgress (5): 1.7/12 MB | 206 kB | 270/923 kB | 34 kB | 151/640 kBProgress (5): 1.7/12 MB | 206 kB | 278/923 kB | 34 kB | 151/640 kBProgress (5): 1.7/12 MB | 206 kB | 286/923 kB | 34 kB | 151/640 kB                                                                  Downloaded from central: https://repo.maven.apache.org/maven2/com/fasterxml/jackson/core/jackson-core/2.1.1/jackson-core-2.1.1.jar (206 kB at 498 kB/s)
Downloading from central: https://repo.maven.apache.org/maven2/org/slf4j/jcl-over-slf4j/1.7.6/jcl-over-slf4j-1.7.6.jar
Downloaded from central: https://repo.maven.apache.org/maven2/com/fasterxml/jackson/core/jackson-annotations/2.1.1/jackson-annotations-2.1.1.jar (34 kB at 83 kB/s)
Downloading from central: https://repo.maven.apache.org/maven2/org/slf4j/slf4j-api/1.7.6/slf4j-api-1.7.6.jar
Progress (3): 1.7/12 MB | 294/923 kB | 151/640 kBProgress (3): 1.7/12 MB | 303/923 kB | 151/640 kBProgress (3): 1.7/12 MB | 311/923 kB | 151/640 kBProgress (3): 1.7/12 MB | 319/923 kB | 151/640 kBProgress (3): 1.7/12 MB | 319/923 kB | 155/640 kBProgress (3): 1.7/12 MB | 319/923 kB | 159/640 kBProgress (3): 1.7/12 MB | 319/923 kB | 163/640 kBProgress (3): 1.7/12 MB | 319/923 kB | 167/640 kBProgress (3): 1.7/12 MB | 319/923 kB | 172/640 kBProgress (3): 1.7/12 MB | 319/923 kB | 176/640 kBProgress (3): 1.7/12 MB | 319/923 kB | 180/640 kBProgress (3): 1.7/12 MB | 319/923 kB | 184/640 kBProgress (3): 1.7/12 MB | 319/923 kB | 188/640 kBProgress (3): 1.7/12 MB | 319/923 kB | 192/640 kBProgress (3): 1.7/12 MB | 319/923 kB | 196/640 kBProgress (3): 1.7/12 MB | 319/923 kB | 200/640 kBProgress (3): 1.7/12 MB | 327/923 kB | 200/640 kBProgress (3): 1.7/12 MB | 335/923 kB | 200/640 kBProgress (3): 1.7/12 MB | 344/923 kB | 200/640 kBProgress (3): 1.7/12 MB | 352/923 kB | 200/640 kBProgress (3): 1.7/12 MB | 360/923 kB | 200/640 kBProgress (3): 1.7/12 MB | 368/923 kB | 200/640 kBProgress (3): 1.7/12 MB | 368/923 kB | 200/640 kBProgress (3): 1.7/12 MB | 368/923 kB | 204/640 kBProgress (3): 1.7/12 MB | 368/923 kB | 208/640 kBProgress (3): 1.7/12 MB | 368/923 kB | 213/640 kBProgress (3): 1.7/12 MB | 368/923 kB | 217/640 kBProgress (3): 1.7/12 MB | 368/923 kB | 221/640 kBProgress (3): 1.7/12 MB | 368/923 kB | 225/640 kBProgress (3): 1.7/12 MB | 368/923 kB | 229/640 kBProgress (3): 1.7/12 MB | 368/923 kB | 233/640 kBProgress (3): 1.7/12 MB | 376/923 kB | 233/640 kBProgress (3): 1.7/12 MB | 385/923 kB | 233/640 kBProgress (3): 1.8/12 MB | 385/923 kB | 233/640 kBProgress (3): 1.8/12 MB | 393/923 kB | 233/640 kBProgress (3): 1.8/12 MB | 401/923 kB | 233/640 kBProgress (3): 1.8/12 MB | 409/923 kB | 233/640 kBProgress (3): 1.8/12 MB | 417/923 kB | 233/640 kBProgress (3): 1.8/12 MB | 426/923 kB | 233/640 kBProgress (3): 1.8/12 MB | 434/923 kB | 233/640 kBProgress (3): 1.9/12 MB | 434/923 kB | 233/640 kBProgress (3): 1.9/12 MB | 434/923 kB | 237/640 kBProgress (3): 1.9/12 MB | 434/923 kB | 241/640 kBProgress (3): 1.9/12 MB | 434/923 kB | 245/640 kBProgress (3): 1.9/12 MB | 434/923 kB | 249/640 kBProgress (3): 1.9/12 MB | 434/923 kB | 253/640 kBProgress (3): 1.9/12 MB | 434/923 kB | 258/640 kBProgress (3): 1.9/12 MB | 434/923 kB | 262/640 kBProgress (3): 1.9/12 MB | 434/923 kB | 266/640 kBProgress (3): 1.9/12 MB | 434/923 kB | 270/640 kBProgress (3): 1.9/12 MB | 434/923 kB | 274/640 kBProgress (3): 1.9/12 MB | 434/923 kB | 278/640 kBProgress (3): 1.9/12 MB | 434/923 kB | 282/640 kBProgress (3): 1.9/12 MB | 442/923 kB | 282/640 kBProgress (3): 1.9/12 MB | 450/923 kB | 282/640 kBProgress (3): 1.9/12 MB | 458/923 kB | 282/640 kBProgress (3): 1.9/12 MB | 466/923 kB | 282/640 kBProgress (3): 1.9/12 MB | 475/923 kB | 282/640 kBProgress (3): 1.9/12 MB | 483/923 kB | 282/640 kBProgress (3): 1.9/12 MB | 491/923 kB | 282/640 kBProgress (3): 1.9/12 MB | 491/923 kB | 282/640 kBProgress (3): 1.9/12 MB | 491/923 kB | 286/640 kBProgress (3): 1.9/12 MB | 491/923 kB | 290/640 kBProgress (3): 1.9/12 MB | 491/923 kB | 294/640 kBProgress (3): 1.9/12 MB | 491/923 kB | 299/640 kBProgress (3): 1.9/12 MB | 491/923 kB | 303/640 kBProgress (3): 1.9/12 MB | 491/923 kB | 307/640 kBProgress (3): 1.9/12 MB | 491/923 kB | 311/640 kBProgress (3): 1.9/12 MB | 491/923 kB | 315/640 kBProgress (3): 1.9/12 MB | 491/923 kB | 319/640 kBProgress (3): 1.9/12 MB | 491/923 kB | 323/640 kBProgress (3): 1.9/12 MB | 491/923 kB | 327/640 kBProgress (3): 1.9/12 MB | 491/923 kB | 331/640 kBProgress (3): 1.9/12 MB | 491/923 kB | 335/640 kBProgress (3): 2.0/12 MB | 491/923 kB | 335/640 kBProgress (3): 2.0/12 MB | 491/923 kB | 335/640 kBProgress (3): 2.0/12 MB | 499/923 kB | 335/640 kBProgress (3): 2.0/12 MB | 507/923 kB | 335/640 kBProgress (3): 2.0/12 MB | 516/923 kB | 335/640 kBProgress (3): 2.0/12 MB | 524/923 kB | 335/640 kBProgress (3): 2.0/12 MB | 532/923 kB | 335/640 kBProgress (3): 2.0/12 MB | 540/923 kB | 335/640 kBProgress (3): 2.0/12 MB | 548/923 kB | 335/640 kBProgress (3): 2.0/12 MB | 548/923 kB | 339/640 kBProgress (3): 2.0/12 MB | 548/923 kB | 344/640 kBProgress (3): 2.0/12 MB | 548/923 kB | 348/640 kBProgress (3): 2.0/12 MB | 548/923 kB | 352/640 kBProgress (3): 2.0/12 MB | 548/923 kB | 356/640 kBProgress (3): 2.0/12 MB | 548/923 kB | 360/640 kBProgress (3): 2.0/12 MB | 548/923 kB | 364/640 kBProgress (3): 2.0/12 MB | 557/923 kB | 364/640 kBProgress (3): 2.0/12 MB | 565/923 kB | 364/640 kBProgress (3): 2.0/12 MB | 573/923 kB | 364/640 kBProgress (3): 2.0/12 MB | 581/923 kB | 364/640 kBProgress (3): 2.0/12 MB | 589/923 kB | 364/640 kBProgress (3): 2.0/12 MB | 596/923 kB | 364/640 kBProgress (3): 2.0/12 MB | 601/923 kB | 364/640 kBProgress (3): 2.0/12 MB | 609/923 kB | 364/640 kBProgress (3): 2.0/12 MB | 618/923 kB | 364/640 kBProgress (3): 2.0/12 MB | 626/923 kB | 364/640 kBProgress (4): 2.0/12 MB | 626/923 kB | 364/640 kB | 4.1/17 kBProgress (4): 2.0/12 MB | 626/923 kB | 364/640 kB | 7.7/17 kBProgress (4): 2.0/12 MB | 626/923 kB | 364/640 kB | 12/17 kB Progress (4): 2.0/12 MB | 626/923 kB | 364/640 kB | 16/17 kBProgress (4): 2.0/12 MB | 626/923 kB | 364/640 kB | 17 kB   Progress (5): 2.0/12 MB | 626/923 kB | 364/640 kB | 17 kB | 4.1/29 kBProgress (5): 2.0/12 MB | 626/923 kB | 364/640 kB | 17 kB | 7.7/29 kBProgress (5): 2.0/12 MB | 626/923 kB | 364/640 kB | 17 kB | 12/29 kB Progress (5): 2.0/12 MB | 626/923 kB | 364/640 kB | 17 kB | 16/29 kBProgress (5): 2.0/12 MB | 626/923 kB | 364/640 kB | 17 kB | 20/29 kBProgress (5): 2.0/12 MB | 626/923 kB | 364/640 kB | 17 kB | 24/29 kBProgress (5): 2.0/12 MB | 626/923 kB | 364/640 kB | 17 kB | 28/29 kBProgress (5): 2.0/12 MB | 626/923 kB | 364/640 kB | 17 kB | 29 kB   Progress (5): 2.0/12 MB | 626/923 kB | 368/640 kB | 17 kB | 29 kBProgress (5): 2.0/12 MB | 626/923 kB | 372/640 kB | 17 kB | 29 kBProgress (5): 2.0/12 MB | 626/923 kB | 376/640 kB | 17 kB | 29 kBProgress (5): 2.0/12 MB | 626/923 kB | 380/640 kB | 17 kB | 29 kBProgress (5): 2.0/12 MB | 626/923 kB | 385/640 kB | 17 kB | 29 kBProgress (5): 2.0/12 MB | 626/923 kB | 389/640 kB | 17 kB | 29 kBProgress (5): 2.0/12 MB | 626/923 kB | 393/640 kB | 17 kB | 29 kBProgress (5): 2.0/12 MB | 626/923 kB | 397/640 kB | 17 kB | 29 kBProgress (5): 2.0/12 MB | 634/923 kB | 397/640 kB | 17 kB | 29 kBProgress (5): 2.0/12 MB | 642/923 kB | 397/640 kB | 17 kB | 29 kBProgress (5): 2.0/12 MB | 650/923 kB | 397/640 kB | 17 kB | 29 kBProgress (5): 2.0/12 MB | 650/923 kB | 401/640 kB | 17 kB | 29 kBProgress (5): 2.0/12 MB | 650/923 kB | 405/640 kB | 17 kB | 29 kBProgress (5): 2.0/12 MB | 650/923 kB | 409/640 kB | 17 kB | 29 kBProgress (5): 2.0/12 MB | 650/923 kB | 413/640 kB | 17 kB | 29 kBProgress (5): 2.0/12 MB | 659/923 kB | 413/640 kB | 17 kB | 29 kBProgress (5): 2.0/12 MB | 667/923 kB | 413/640 kB | 17 kB | 29 kBProgress (5): 2.0/12 MB | 675/923 kB | 413/640 kB | 17 kB | 29 kBProgress (5): 2.0/12 MB | 683/923 kB | 413/640 kB | 17 kB | 29 kBProgress (5): 2.0/12 MB | 691/923 kB | 413/640 kB | 17 kB | 29 kBProgress (5): 2.0/12 MB | 699/923 kB | 413/640 kB | 17 kB | 29 kBProgress (5): 2.0/12 MB | 699/923 kB | 417/640 kB | 17 kB | 29 kBProgress (5): 2.0/12 MB | 699/923 kB | 421/640 kB | 17 kB | 29 kBProgress (5): 2.1/12 MB | 699/923 kB | 421/640 kB | 17 kB | 29 kBProgress (5): 2.1/12 MB | 699/923 kB | 426/640 kB | 17 kB | 29 kBProgress (5): 2.1/12 MB | 699/923 kB | 430/640 kB | 17 kB | 29 kBProgress (5): 2.1/12 MB | 699/923 kB | 434/640 kB | 17 kB | 29 kBProgress (5): 2.1/12 MB | 699/923 kB | 438/640 kB | 17 kB | 29 kBProgress (5): 2.1/12 MB | 699/923 kB | 442/640 kB | 17 kB | 29 kBProgress (5): 2.1/12 MB | 699/923 kB | 446/640 kB | 17 kB | 29 kBProgress (5): 2.1/12 MB | 708/923 kB | 446/640 kB | 17 kB | 29 kBProgress (5): 2.1/12 MB | 708/923 kB | 450/640 kB | 17 kB | 29 kBProgress (5): 2.1/12 MB | 708/923 kB | 454/640 kB | 17 kB | 29 kBProgress (5): 2.1/12 MB | 716/923 kB | 454/640 kB | 17 kB | 29 kBProgress (5): 2.1/12 MB | 716/923 kB | 458/640 kB | 17 kB | 29 kBProgress (5): 2.1/12 MB | 716/923 kB | 462/640 kB | 17 kB | 29 kBProgress (5): 2.1/12 MB | 716/923 kB | 466/640 kB | 17 kB | 29 kBProgress (5): 2.1/12 MB | 716/923 kB | 471/640 kB | 17 kB | 29 kBProgress (5): 2.1/12 MB | 716/923 kB | 475/640 kB | 17 kB | 29 kBProgress (5): 2.1/12 MB | 716/923 kB | 479/640 kB | 17 kB | 29 kBProgress (5): 2.1/12 MB | 716/923 kB | 483/640 kB | 17 kB | 29 kBProgress (5): 2.1/12 MB | 716/923 kB | 487/640 kB | 17 kB | 29 kBProgress (5): 2.1/12 MB | 716/923 kB | 491/640 kB | 17 kB | 29 kBProgress (5): 2.1/12 MB | 716/923 kB | 495/640 kB | 17 kB | 29 kBProgress (5): 2.1/12 MB | 716/923 kB | 495/640 kB | 17 kB | 29 kBProgress (5): 2.1/12 MB | 724/923 kB | 495/640 kB | 17 kB | 29 kBProgress (5): 2.1/12 MB | 732/923 kB | 495/640 kB | 17 kB | 29 kBProgress (5): 2.1/12 MB | 740/923 kB | 495/640 kB | 17 kB | 29 kBProgress (5): 2.1/12 MB | 749/923 kB | 495/640 kB | 17 kB | 29 kBProgress (5): 2.1/12 MB | 757/923 kB | 495/640 kB | 17 kB | 29 kBProgress (5): 2.1/12 MB | 765/923 kB | 495/640 kB | 17 kB | 29 kBProgress (5): 2.1/12 MB | 765/923 kB | 499/640 kB | 17 kB | 29 kBProgress (5): 2.1/12 MB | 765/923 kB | 503/640 kB | 17 kB | 29 kBProgress (5): 2.1/12 MB | 765/923 kB | 507/640 kB | 17 kB | 29 kBProgress (5): 2.1/12 MB | 773/923 kB | 507/640 kB | 17 kB | 29 kBProgress (5): 2.1/12 MB | 781/923 kB | 507/640 kB | 17 kB | 29 kBProgress (5): 2.1/12 MB | 781/923 kB | 512/640 kB | 17 kB | 29 kBProgress (5): 2.1/12 MB | 781/923 kB | 516/640 kB | 17 kB | 29 kBProgress (5): 2.1/12 MB | 781/923 kB | 520/640 kB | 17 kB | 29 kBProgress (5): 2.1/12 MB | 781/923 kB | 524/640 kB | 17 kB | 29 kBProgress (5): 2.1/12 MB | 781/923 kB | 528/640 kB | 17 kB | 29 kBProgress (5): 2.1/12 MB | 781/923 kB | 532/640 kB | 17 kB | 29 kBProgress (5): 2.1/12 MB | 781/923 kB | 536/640 kB | 17 kB | 29 kBProgress (5): 2.1/12 MB | 781/923 kB | 540/640 kB | 17 kB | 29 kBProgress (5): 2.1/12 MB | 781/923 kB | 544/640 kB | 17 kB | 29 kBProgress (5): 2.1/12 MB | 790/923 kB | 544/640 kB | 17 kB | 29 kBProgress (5): 2.1/12 MB | 798/923 kB | 544/640 kB | 17 kB | 29 kBProgress (5): 2.1/12 MB | 806/923 kB | 544/640 kB | 17 kB | 29 kBProgress (5): 2.1/12 MB | 814/923 kB | 544/640 kB | 17 kB | 29 kBProgress (5): 2.1/12 MB | 822/923 kB | 544/640 kB | 17 kB | 29 kBProgress (5): 2.1/12 MB | 831/923 kB | 544/640 kB | 17 kB | 29 kBProgress (5): 2.1/12 MB | 831/923 kB | 548/640 kB | 17 kB | 29 kBProgress (5): 2.1/12 MB | 831/923 kB | 552/640 kB | 17 kB | 29 kBProgress (5): 2.1/12 MB | 831/923 kB | 557/640 kB | 17 kB | 29 kBProgress (5): 2.1/12 MB | 831/923 kB | 561/640 kB | 17 kB | 29 kBProgress (5): 2.1/12 MB | 831/923 kB | 565/640 kB | 17 kB | 29 kBProgress (5): 2.1/12 MB | 831/923 kB | 569/640 kB | 17 kB | 29 kBProgress (5): 2.1/12 MB | 831/923 kB | 573/640 kB | 17 kB | 29 kBProgress (5): 2.1/12 MB | 831/923 kB | 577/640 kB | 17 kB | 29 kB                                                                 Downloaded from central: https://repo.maven.apache.org/maven2/org/slf4j/jcl-over-slf4j/1.7.6/jcl-over-slf4j-1.7.6.jar (17 kB at 32 kB/s)
Downloading from central: https://repo.maven.apache.org/maven2/org/codehaus/plexus/plexus-utils/1.1/plexus-utils-1.1.jar
Progress (4): 2.1/12 MB | 839/923 kB | 577/640 kB | 29 kBProgress (4): 2.1/12 MB | 847/923 kB | 577/640 kB | 29 kBProgress (4): 2.1/12 MB | 855/923 kB | 577/640 kB | 29 kBProgress (4): 2.1/12 MB | 863/923 kB | 577/640 kB | 29 kBProgress (4): 2.1/12 MB | 872/923 kB | 577/640 kB | 29 kBProgress (4): 2.1/12 MB | 880/923 kB | 577/640 kB | 29 kBProgress (4): 2.1/12 MB | 880/923 kB | 581/640 kB | 29 kBProgress (4): 2.1/12 MB | 880/923 kB | 585/640 kB | 29 kBProgress (4): 2.1/12 MB | 880/923 kB | 589/640 kB | 29 kBProgress (4): 2.1/12 MB | 880/923 kB | 593/640 kB | 29 kBProgress (4): 2.1/12 MB | 880/923 kB | 598/640 kB | 29 kBProgress (4): 2.1/12 MB | 880/923 kB | 602/640 kB | 29 kBProgress (4): 2.1/12 MB | 880/923 kB | 606/640 kB | 29 kBProgress (4): 2.1/12 MB | 880/923 kB | 610/640 kB | 29 kBProgress (4): 2.1/12 MB | 880/923 kB | 614/640 kB | 29 kBProgress (4): 2.1/12 MB | 880/923 kB | 618/640 kB | 29 kBProgress (4): 2.1/12 MB | 880/923 kB | 622/640 kB | 29 kBProgress (4): 2.1/12 MB | 880/923 kB | 626/640 kB | 29 kBProgress (4): 2.1/12 MB | 880/923 kB | 630/640 kB | 29 kBProgress (4): 2.1/12 MB | 888/923 kB | 630/640 kB | 29 kBProgress (4): 2.1/12 MB | 896/923 kB | 630/640 kB | 29 kBProgress (4): 2.1/12 MB | 904/923 kB | 630/640 kB | 29 kBProgress (4): 2.1/12 MB | 912/923 kB | 630/640 kB | 29 kBProgress (4): 2.1/12 MB | 921/923 kB | 630/640 kB | 29 kBProgress (4): 2.1/12 MB | 923 kB | 630/640 kB | 29 kB    Progress (4): 2.1/12 MB | 923 kB | 634/640 kB | 29 kBProgress (4): 2.1/12 MB | 923 kB | 639/640 kB | 29 kBProgress (4): 2.1/12 MB | 923 kB | 640 kB | 29 kB                                                     Downloaded from central: https://repo.maven.apache.org/maven2/org/slf4j/slf4j-api/1.7.6/slf4j-api-1.7.6.jar (29 kB at 55 kB/s)
Progress (3): 2.2/12 MB | 923 kB | 640 kBProgress (3): 2.3/12 MB | 923 kB | 640 kBProgress (3): 2.3/12 MB | 923 kB | 640 kBProgress (3): 2.4/12 MB | 923 kB | 640 kBProgress (3): 2.4/12 MB | 923 kB | 640 kBProgress (3): 2.5/12 MB | 923 kB | 640 kBProgress (3): 2.5/12 MB | 923 kB | 640 kB                                         Downloaded from central: https://repo.maven.apache.org/maven2/com/fasterxml/jackson/core/jackson-databind/2.1.1/jackson-databind-2.1.1.jar (923 kB at 1.7 MB/s)
Progress (3): 2.5/12 MB | 640 kB | 4.1/169 kBProgress (3): 2.5/12 MB | 640 kB | 7.7/169 kBProgress (3): 2.5/12 MB | 640 kB | 12/169 kB Progress (3): 2.5/12 MB | 640 kB | 16/169 kBProgress (3): 2.5/12 MB | 640 kB | 20/169 kBProgress (3): 2.5/12 MB | 640 kB | 24/169 kBProgress (3): 2.5/12 MB | 640 kB | 28/169 kBProgress (3): 2.5/12 MB | 640 kB | 32/169 kB                                            Downloaded from central: https://repo.maven.apache.org/maven2/joda-time/joda-time/2.14.0/joda-time-2.14.0.jar (640 kB at 1.1 MB/s)
Progress (2): 2.6/12 MB | 32/169 kBProgress (2): 2.7/12 MB | 32/169 kBProgress (2): 2.7/12 MB | 36/169 kBProgress (2): 2.7/12 MB | 40/169 kBProgress (2): 2.7/12 MB | 45/169 kBProgress (2): 2.7/12 MB | 49/169 kBProgress (2): 2.7/12 MB | 53/169 kBProgress (2): 2.7/12 MB | 57/169 kBProgress (2): 2.7/12 MB | 61/169 kBProgress (2): 2.7/12 MB | 65/169 kBProgress (2): 2.7/12 MB | 69/169 kBProgress (2): 2.7/12 MB | 73/169 kBProgress (2): 2.7/12 MB | 77/169 kBProgress (2): 2.7/12 MB | 81/169 kBProgress (2): 2.7/12 MB | 86/169 kBProgress (2): 2.7/12 MB | 90/169 kBProgress (2): 2.7/12 MB | 94/169 kBProgress (2): 2.7/12 MB | 98/169 kBProgress (2): 2.7/12 MB | 102/169 kBProgress (2): 2.7/12 MB | 106/169 kBProgress (2): 2.7/12 MB | 110/169 kBProgress (2): 2.7/12 MB | 114/169 kBProgress (2): 2.7/12 MB | 118/169 kBProgress (2): 2.7/12 MB | 122/169 kBProgress (2): 2.7/12 MB | 127/169 kBProgress (2): 2.7/12 MB | 131/169 kBProgress (2): 2.7/12 MB | 135/169 kBProgress (2): 2.7/12 MB | 135/169 kBProgress (2): 2.7/12 MB | 139/169 kBProgress (2): 2.7/12 MB | 143/169 kBProgress (2): 2.7/12 MB | 147/169 kBProgress (2): 2.7/12 MB | 151/169 kBProgress (2): 2.7/12 MB | 155/169 kBProgress (2): 2.8/12 MB | 155/169 kBProgress (2): 2.8/12 MB | 159/169 kBProgress (2): 2.8/12 MB | 163/169 kBProgress (2): 2.8/12 MB | 167/169 kBProgress (2): 2.8/12 MB | 169 kB    Progress (2): 2.8/12 MB | 169 kBProgress (2): 2.9/12 MB | 169 kBProgress (2): 2.9/12 MB | 169 kBProgress (2): 3.0/12 MB | 169 kBProgress (2): 3.1/12 MB | 169 kBProgress (2): 3.1/12 MB | 169 kBProgress (2): 3.2/12 MB | 169 kBProgress (2): 3.2/12 MB | 169 kBProgress (2): 3.3/12 MB | 169 kB                                Downloaded from central: https://repo.maven.apache.org/maven2/org/codehaus/plexus/plexus-utils/1.1/plexus-utils-1.1.jar (169 kB at 270 kB/s)
Progress (1): 3.4/12 MBProgress (1): 3.4/12 MBProgress (1): 3.5/12 MBProgress (1): 3.5/12 MBProgress (1): 3.6/12 MBProgress (1): 3.6/12 MBProgress (1): 3.7/12 MBProgress (1): 3.8/12 MBProgress (1): 3.8/12 MBProgress (1): 3.9/12 MBProgress (1): 3.9/12 MBProgress (1): 4.0/12 MBProgress (1): 4.0/12 MBProgress (1): 4.1/12 MBProgress (1): 4.2/12 MBProgress (1): 4.2/12 MBProgress (1): 4.3/12 MBProgress (1): 4.3/12 MBProgress (1): 4.4/12 MBProgress (1): 4.4/12 MBProgress (1): 4.5/12 MBProgress (1): 4.6/12 MBProgress (1): 4.6/12 MBProgress (1): 4.7/12 MBProgress (1): 4.7/12 MBProgress (1): 4.8/12 MBProgress (1): 4.8/12 MBProgress (1): 4.9/12 MBProgress (1): 5.0/12 MBProgress (1): 5.0/12 MBProgress (1): 5.1/12 MBProgress (1): 5.1/12 MBProgress (1): 5.2/12 MBProgress (1): 5.2/12 MBProgress (1): 5.3/12 MBProgress (1): 5.4/12 MBProgress (1): 5.4/12 MBProgress (1): 5.5/12 MBProgress (1): 5.5/12 MBProgress (1): 5.6/12 MBProgress (1): 5.7/12 MBProgress (1): 5.7/12 MBProgress (1): 5.8/12 MBProgress (1): 5.8/12 MBProgress (1): 5.9/12 MBProgress (1): 5.9/12 MBProgress (1): 6.0/12 MBProgress (1): 6.1/12 MBProgress (1): 6.1/12 MBProgress (1): 6.2/12 MBProgress (1): 6.2/12 MBProgress (1): 6.3/12 MBProgress (1): 6.3/12 MBProgress (1): 6.4/12 MBProgress (1): 6.5/12 MBProgress (1): 6.5/12 MBProgress (1): 6.6/12 MBProgress (1): 6.6/12 MBProgress (1): 6.7/12 MBProgress (1): 6.7/12 MBProgress (1): 6.8/12 MBProgress (1): 6.9/12 MBProgress (1): 6.9/12 MBProgress (1): 7.0/12 MBProgress (1): 7.0/12 MBProgress (1): 7.1/12 MBProgress (1): 7.1/12 MBProgress (1): 7.2/12 MBProgress (1): 7.3/12 MBProgress (1): 7.3/12 MBProgress (1): 7.4/12 MBProgress (1): 7.4/12 MBProgress (1): 7.5/12 MBProgress (1): 7.6/12 MBProgress (1): 7.6/12 MBProgress (1): 7.7/12 MBProgress (1): 7.7/12 MBProgress (1): 7.8/12 MBProgress (1): 7.8/12 MBProgress (1): 7.9/12 MBProgress (1): 8.0/12 MBProgress (1): 8.0/12 MBProgress (1): 8.1/12 MBProgress (1): 8.1/12 MBProgress (1): 8.2/12 MBProgress (1): 8.2/12 MBProgress (1): 8.3/12 MBProgress (1): 8.4/12 MBProgress (1): 8.4/12 MBProgress (1): 8.5/12 MBProgress (1): 8.5/12 MBProgress (1): 8.6/12 MBProgress (1): 8.6/12 MBProgress (1): 8.7/12 MBProgress (1): 8.8/12 MBProgress (1): 8.8/12 MBProgress (1): 8.9/12 MBProgress (1): 8.9/12 MBProgress (1): 9.0/12 MBProgress (1): 9.0/12 MBProgress (1): 9.1/12 MBProgress (1): 9.2/12 MBProgress (1): 9.2/12 MBProgress (1): 9.3/12 MBProgress (1): 9.3/12 MBProgress (1): 9.4/12 MBProgress (1): 9.4/12 MBProgress (1): 9.5/12 MBProgress (1): 9.6/12 MBProgress (1): 9.6/12 MBProgress (1): 9.7/12 MBProgress (1): 9.7/12 MBProgress (1): 9.8/12 MBProgress (1): 9.8/12 MBProgress (1): 9.9/12 MBProgress (1): 10.0/12 MBProgress (1): 10/12 MB  Progress (1): 10/12 MBProgress (1): 10/12 MBProgress (1): 10/12 MBProgress (1): 10/12 MBProgress (1): 10/12 MBProgress (1): 10/12 MBProgress (1): 10/12 MBProgress (1): 10/12 MBProgress (1): 11/12 MBProgress (1): 11/12 MBProgress (1): 11/12 MBProgress (1): 11/12 MBProgress (1): 11/12 MBProgress (1): 11/12 MBProgress (1): 11/12 MBProgress (1): 11/12 MBProgress (1): 11/12 MBProgress (1): 11/12 MBProgress (1): 11/12 MBProgress (1): 11/12 MBProgress (1): 11/12 MBProgress (1): 11/12 MBProgress (1): 11/12 MBProgress (1): 11/12 MBProgress (1): 11/12 MBProgress (1): 12/12 MBProgress (1): 12/12 MBProgress (1): 12/12 MBProgress (1): 12/12 MBProgress (1): 12/12 MBProgress (1): 12/12 MBProgress (1): 12/12 MBProgress (1): 12 MB                      Downloaded from central: https://repo.maven.apache.org/maven2/com/amazonaws/aws-java-sdk/1.7.1/aws-java-sdk-1.7.1.jar (12 MB at 11 MB/s)
Downloading from central: https://repo.maven.apache.org/maven2/org/sonatype/central/central-publishing-maven-plugin/0.7.0/central-publishing-maven-plugin-0.7.0.pom
Progress (1): 4.1 kBProgress (1): 8.2 kBProgress (1): 12 kB Progress (1): 16 kBProgress (1): 17 kB                   Downloaded from central: https://repo.maven.apache.org/maven2/org/sonatype/central/central-publishing-maven-plugin/0.7.0/central-publishing-maven-plugin-0.7.0.pom (17 kB at 221 kB/s)
Downloading from central: https://repo.maven.apache.org/maven2/org/sonatype/buildsupport/buildsupport/32/buildsupport-32.pom
Progress (1): 4.1 kBProgress (1): 8.2 kBProgress (1): 12 kB Progress (1): 16 kBProgress (1): 20 kBProgress (1): 25 kBProgress (1): 29 kBProgress (1): 33 kBProgress (1): 36 kB                   Downloaded from central: https://repo.maven.apache.org/maven2/org/sonatype/buildsupport/buildsupport/32/buildsupport-32.pom (36 kB at 470 kB/s)
Downloading from central: https://repo.maven.apache.org/maven2/org/codehaus/plexus/plexus-utils/3.5.1/plexus-utils-3.5.1.pom
Progress (1): 4.1 kBProgress (1): 8.2 kBProgress (1): 8.8 kB                    Downloaded from central: https://repo.maven.apache.org/maven2/org/codehaus/plexus/plexus-utils/3.5.1/plexus-utils-3.5.1.pom (8.8 kB at 112 kB/s)
Downloading from central: https://repo.maven.apache.org/maven2/org/codehaus/plexus/plexus/10/plexus-10.pom
Progress (1): 4.1 kBProgress (1): 8.2 kBProgress (1): 12 kB Progress (1): 16 kBProgress (1): 20 kBProgress (1): 25 kBProgress (1): 25 kB                   Downloaded from central: https://repo.maven.apache.org/maven2/org/codehaus/plexus/plexus/10/plexus-10.pom (25 kB at 343 kB/s)
Downloading from central: https://repo.maven.apache.org/maven2/com/github/package-url/packageurl-java/1.4.1/packageurl-java-1.4.1.pom
Progress (1): 4.1 kBProgress (1): 8.2 kBProgress (1): 12 kB                    Downloaded from central: https://repo.maven.apache.org/maven2/com/github/package-url/packageurl-java/1.4.1/packageurl-java-1.4.1.pom (12 kB at 165 kB/s)
Downloading from central: https://repo.maven.apache.org/maven2/com/google/guava/guava/32.1.0-jre/guava-32.1.0-jre.pom
Progress (1): 4.1 kBProgress (1): 8.2 kBProgress (1): 12 kB Progress (1): 13 kB                   Downloaded from central: https://repo.maven.apache.org/maven2/com/google/guava/guava/32.1.0-jre/guava-32.1.0-jre.pom (13 kB at 200 kB/s)
Downloading from central: https://repo.maven.apache.org/maven2/com/google/guava/guava-parent/32.1.0-jre/guava-parent-32.1.0-jre.pom
Progress (1): 4.1 kBProgress (1): 8.2 kBProgress (1): 12 kB Progress (1): 16 kBProgress (1): 20 kBProgress (1): 22 kB                   Downloaded from central: https://repo.maven.apache.org/maven2/com/google/guava/guava-parent/32.1.0-jre/guava-parent-32.1.0-jre.pom (22 kB at 309 kB/s)
Downloading from central: https://repo.maven.apache.org/maven2/org/apache/commons/commons-lang3/3.12.0/commons-lang3-3.12.0.pom
Progress (1): 4.1 kBProgress (1): 8.2 kBProgress (1): 12 kB Progress (1): 16 kBProgress (1): 20 kBProgress (1): 25 kBProgress (1): 29 kBProgress (1): 31 kB                   Downloaded from central: https://repo.maven.apache.org/maven2/org/apache/commons/commons-lang3/3.12.0/commons-lang3-3.12.0.pom (31 kB at 398 kB/s)
Downloading from central: https://repo.maven.apache.org/maven2/org/junit/junit-bom/5.7.1/junit-bom-5.7.1.pom
Progress (1): 4.1 kBProgress (1): 5.1 kB                    Downloaded from central: https://repo.maven.apache.org/maven2/org/junit/junit-bom/5.7.1/junit-bom-5.7.1.pom (5.1 kB at 77 kB/s)
Downloading from central: https://repo.maven.apache.org/maven2/com/fasterxml/jackson/core/jackson-databind/2.16.1/jackson-databind-2.16.1.pom
Progress (1): 4.1 kBProgress (1): 8.2 kBProgress (1): 12 kB Progress (1): 16 kBProgress (1): 20 kBProgress (1): 21 kB                   Downloaded from central: https://repo.maven.apache.org/maven2/com/fasterxml/jackson/core/jackson-databind/2.16.1/jackson-databind-2.16.1.pom (21 kB at 264 kB/s)
Downloading from central: https://repo.maven.apache.org/maven2/com/fasterxml/jackson/jackson-base/2.16.1/jackson-base-2.16.1.pom
Progress (1): 4.1 kBProgress (1): 8.2 kBProgress (1): 11 kB                    Downloaded from central: https://repo.maven.apache.org/maven2/com/fasterxml/jackson/jackson-base/2.16.1/jackson-base-2.16.1.pom (11 kB at 180 kB/s)
Downloading from central: https://repo.maven.apache.org/maven2/com/fasterxml/jackson/core/jackson-annotations/2.16.1/jackson-annotations-2.16.1.pom
Progress (1): 4.1 kBProgress (1): 7.1 kB                    Downloaded from central: https://repo.maven.apache.org/maven2/com/fasterxml/jackson/core/jackson-annotations/2.16.1/jackson-annotations-2.16.1.pom (7.1 kB at 102 kB/s)
Downloading from central: https://repo.maven.apache.org/maven2/com/fasterxml/jackson/core/jackson-core/2.16.1/jackson-core-2.16.1.pom
Progress (1): 4.1 kBProgress (1): 8.2 kBProgress (1): 9.9 kB                    Downloaded from central: https://repo.maven.apache.org/maven2/com/fasterxml/jackson/core/jackson-core/2.16.1/jackson-core-2.16.1.pom (9.9 kB at 134 kB/s)
Downloading from central: https://repo.maven.apache.org/maven2/org/apache/httpcomponents/client5/httpclient5/5.3.1/httpclient5-5.3.1.pom
Progress (1): 4.1 kBProgress (1): 6.0 kB                    Downloaded from central: https://repo.maven.apache.org/maven2/org/apache/httpcomponents/client5/httpclient5/5.3.1/httpclient5-5.3.1.pom (6.0 kB at 85 kB/s)
Downloading from central: https://repo.maven.apache.org/maven2/org/apache/httpcomponents/client5/httpclient5-parent/5.3.1/httpclient5-parent-5.3.1.pom
Progress (1): 4.1 kBProgress (1): 8.2 kBProgress (1): 12 kB Progress (1): 16 kBProgress (1): 17 kB                   Downloaded from central: https://repo.maven.apache.org/maven2/org/apache/httpcomponents/client5/httpclient5-parent/5.3.1/httpclient5-parent-5.3.1.pom (17 kB at 249 kB/s)
Downloading from central: https://repo.maven.apache.org/maven2/org/apache/httpcomponents/httpcomponents-parent/13/httpcomponents-parent-13.pom
Progress (1): 4.1 kBProgress (1): 8.2 kBProgress (1): 12 kB Progress (1): 16 kBProgress (1): 20 kBProgress (1): 25 kBProgress (1): 29 kBProgress (1): 30 kB                   Downloaded from central: https://repo.maven.apache.org/maven2/org/apache/httpcomponents/httpcomponents-parent/13/httpcomponents-parent-13.pom (30 kB at 408 kB/s)
Downloading from central: https://repo.maven.apache.org/maven2/org/apache/apache/27/apache-27.pom
Progress (1): 4.1 kBProgress (1): 8.2 kBProgress (1): 12 kB Progress (1): 16 kBProgress (1): 20 kB                   Downloaded from central: https://repo.maven.apache.org/maven2/org/apache/apache/27/apache-27.pom (20 kB at 384 kB/s)
Downloading from central: https://repo.maven.apache.org/maven2/org/apache/httpcomponents/core5/httpcore5/5.2.4/httpcore5-5.2.4.pom
Progress (1): 3.9 kB                    Downloaded from central: https://repo.maven.apache.org/maven2/org/apache/httpcomponents/core5/httpcore5/5.2.4/httpcore5-5.2.4.pom (3.9 kB at 66 kB/s)
Downloading from central: https://repo.maven.apache.org/maven2/org/apache/httpcomponents/core5/httpcore5-parent/5.2.4/httpcore5-parent-5.2.4.pom
Progress (1): 4.1 kBProgress (1): 8.2 kBProgress (1): 12 kB Progress (1): 14 kB                   Downloaded from central: https://repo.maven.apache.org/maven2/org/apache/httpcomponents/core5/httpcore5-parent/5.2.4/httpcore5-parent-5.2.4.pom (14 kB at 225 kB/s)
Downloading from central: https://repo.maven.apache.org/maven2/org/apache/httpcomponents/core5/httpcore5-h2/5.2.4/httpcore5-h2-5.2.4.pom
Progress (1): 3.6 kB                    Downloaded from central: https://repo.maven.apache.org/maven2/org/apache/httpcomponents/core5/httpcore5-h2/5.2.4/httpcore5-h2-5.2.4.pom (3.6 kB at 52 kB/s)
Downloading from central: https://repo.maven.apache.org/maven2/org/sonatype/central/central-publishing-maven-plugin/0.7.0/central-publishing-maven-plugin-0.7.0.jar
Downloading from central: https://repo.maven.apache.org/maven2/org/codehaus/plexus/plexus-utils/3.5.1/plexus-utils-3.5.1.jar
Downloading from central: https://repo.maven.apache.org/maven2/com/github/package-url/packageurl-java/1.4.1/packageurl-java-1.4.1.jar
Downloading from central: https://repo.maven.apache.org/maven2/com/google/guava/guava/32.1.0-jre/guava-32.1.0-jre.jar
Downloading from central: https://repo.maven.apache.org/maven2/org/apache/commons/commons-lang3/3.12.0/commons-lang3-3.12.0.jar
Progress (1): 4.1/111 kBProgress (1): 7.7/111 kBProgress (1): 12/111 kB Progress (1): 16/111 kBProgress (1): 20/111 kBProgress (1): 24/111 kBProgress (1): 28/111 kBProgress (1): 32/111 kBProgress (1): 36/111 kBProgress (1): 40/111 kBProgress (1): 45/111 kBProgress (1): 49/111 kBProgress (1): 53/111 kBProgress (1): 57/111 kBProgress (1): 61/111 kBProgress (1): 65/111 kBProgress (1): 69/111 kBProgress (1): 73/111 kBProgress (1): 77/111 kBProgress (1): 81/111 kBProgress (1): 86/111 kBProgress (1): 90/111 kBProgress (1): 94/111 kBProgress (1): 98/111 kBProgress (1): 102/111 kBProgress (1): 106/111 kBProgress (1): 110/111 kBProgress (1): 111 kB    Progress (2): 111 kB | 4.1/269 kBProgress (2): 111 kB | 7.7/269 kBProgress (2): 111 kB | 12/269 kB Progress (2): 111 kB | 16/269 kBProgress (2): 111 kB | 20/269 kBProgress (2): 111 kB | 24/269 kBProgress (2): 111 kB | 28/269 kBProgress (2): 111 kB | 32/269 kBProgress (2): 111 kB | 36/269 kBProgress (2): 111 kB | 40/269 kBProgress (2): 111 kB | 44/269 kBProgress (3): 111 kB | 44/269 kB | 4.1/587 kBProgress (3): 111 kB | 44/269 kB | 7.7/587 kBProgress (3): 111 kB | 44/269 kB | 11/587 kB Progress (3): 111 kB | 44/269 kB | 15/587 kBProgress (3): 111 kB | 44/269 kB | 20/587 kBProgress (3): 111 kB | 44/269 kB | 24/587 kBProgress (3): 111 kB | 44/269 kB | 28/587 kBProgress (3): 111 kB | 44/269 kB | 32/587 kBProgress (3): 111 kB | 48/269 kB | 32/587 kBProgress (3): 111 kB | 52/269 kB | 32/587 kBProgress (3): 111 kB | 56/269 kB | 32/587 kBProgress (3): 111 kB | 61/269 kB | 32/587 kBProgress (3): 111 kB | 65/269 kB | 32/587 kBProgress (3): 111 kB | 69/269 kB | 32/587 kBProgress (3): 111 kB | 73/269 kB | 32/587 kBProgress (3): 111 kB | 77/269 kB | 32/587 kBProgress (3): 111 kB | 81/269 kB | 32/587 kBProgress (3): 111 kB | 85/269 kB | 32/587 kBProgress (3): 111 kB | 89/269 kB | 32/587 kBProgress (3): 111 kB | 93/269 kB | 32/587 kBProgress (3): 111 kB | 97/269 kB | 32/587 kBProgress (3): 111 kB | 101/269 kB | 32/587 kBProgress (3): 111 kB | 106/269 kB | 32/587 kBProgress (3): 111 kB | 110/269 kB | 32/587 kBProgress (3): 111 kB | 114/269 kB | 32/587 kBProgress (3): 111 kB | 118/269 kB | 32/587 kBProgress (3): 111 kB | 122/269 kB | 32/587 kBProgress (3): 111 kB | 126/269 kB | 32/587 kBProgress (3): 111 kB | 130/269 kB | 32/587 kBProgress (3): 111 kB | 134/269 kB | 32/587 kBProgress (3): 111 kB | 138/269 kB | 32/587 kBProgress (3): 111 kB | 142/269 kB | 32/587 kBProgress (3): 111 kB | 142/269 kB | 36/587 kBProgress (3): 111 kB | 142/269 kB | 40/587 kBProgress (3): 111 kB | 142/269 kB | 44/587 kBProgress (3): 111 kB | 142/269 kB | 48/587 kBProgress (3): 111 kB | 142/269 kB | 52/587 kBProgress (3): 111 kB | 142/269 kB | 56/587 kBProgress (3): 111 kB | 142/269 kB | 61/587 kBProgress (4): 111 kB | 142/269 kB | 61/587 kB | 0/3.0 MBProgress (4): 111 kB | 142/269 kB | 61/587 kB | 0/3.0 MBProgress (4): 111 kB | 142/269 kB | 61/587 kB | 0/3.0 MBProgress (4): 111 kB | 142/269 kB | 65/587 kB | 0/3.0 MBProgress (4): 111 kB | 147/269 kB | 65/587 kB | 0/3.0 MBProgress (4): 111 kB | 151/269 kB | 65/587 kB | 0/3.0 MBProgress (4): 111 kB | 155/269 kB | 65/587 kB | 0/3.0 MBProgress (4): 111 kB | 159/269 kB | 65/587 kB | 0/3.0 MBProgress (4): 111 kB | 163/269 kB | 65/587 kB | 0/3.0 MBProgress (4): 111 kB | 167/269 kB | 65/587 kB | 0/3.0 MBProgress (4): 111 kB | 171/269 kB | 65/587 kB | 0/3.0 MBProgress (4): 111 kB | 175/269 kB | 65/587 kB | 0/3.0 MBProgress (4): 111 kB | 179/269 kB | 65/587 kB | 0/3.0 MBProgress (4): 111 kB | 183/269 kB | 65/587 kB | 0/3.0 MBProgress (4): 111 kB | 187/269 kB | 65/587 kB | 0/3.0 MBProgress (4): 111 kB | 192/269 kB | 65/587 kB | 0/3.0 MBProgress (4): 111 kB | 196/269 kB | 65/587 kB | 0/3.0 MBProgress (4): 111 kB | 200/269 kB | 65/587 kB | 0/3.0 MBProgress (4): 111 kB | 204/269 kB | 65/587 kB | 0/3.0 MBProgress (4): 111 kB | 208/269 kB | 65/587 kB | 0/3.0 MBProgress (4): 111 kB | 212/269 kB | 65/587 kB | 0/3.0 MBProgress (4): 111 kB | 216/269 kB | 65/587 kB | 0/3.0 MBProgress (4): 111 kB | 220/269 kB | 65/587 kB | 0/3.0 MBProgress (4): 111 kB | 224/269 kB | 65/587 kB | 0/3.0 MBProgress (4): 111 kB | 228/269 kB | 65/587 kB | 0/3.0 MBProgress (4): 111 kB | 233/269 kB | 65/587 kB | 0/3.0 MBProgress (4): 111 kB | 237/269 kB | 65/587 kB | 0/3.0 MBProgress (4): 111 kB | 241/269 kB | 65/587 kB | 0/3.0 MBProgress (4): 111 kB | 245/269 kB | 65/587 kB | 0/3.0 MBProgress (4): 111 kB | 249/269 kB | 65/587 kB | 0/3.0 MBProgress (4): 111 kB | 253/269 kB | 65/587 kB | 0/3.0 MBProgress (4): 111 kB | 257/269 kB | 65/587 kB | 0/3.0 MBProgress (4): 111 kB | 261/269 kB | 65/587 kB | 0/3.0 MBProgress (4): 111 kB | 265/269 kB | 65/587 kB | 0/3.0 MBProgress (4): 111 kB | 269 kB | 65/587 kB | 0/3.0 MB    Progress (5): 111 kB | 269 kB | 65/587 kB | 0/3.0 MB | 4.1/16 kBProgress (5): 111 kB | 269 kB | 65/587 kB | 0/3.0 MB | 7.7/16 kBProgress (5): 111 kB | 269 kB | 65/587 kB | 0/3.0 MB | 12/16 kB Progress (5): 111 kB | 269 kB | 65/587 kB | 0/3.0 MB | 16 kB   Progress (5): 111 kB | 269 kB | 65/587 kB | 0.1/3.0 MB | 16 kBProgress (5): 111 kB | 269 kB | 65/587 kB | 0.1/3.0 MB | 16 kBProgress (5): 111 kB | 269 kB | 65/587 kB | 0.1/3.0 MB | 16 kBProgress (5): 111 kB | 269 kB | 65/587 kB | 0.1/3.0 MB | 16 kBProgress (5): 111 kB | 269 kB | 65/587 kB | 0.1/3.0 MB | 16 kBProgress (5): 111 kB | 269 kB | 65/587 kB | 0.2/3.0 MB | 16 kBProgress (5): 111 kB | 269 kB | 65/587 kB | 0.2/3.0 MB | 16 kBProgress (5): 111 kB | 269 kB | 65/587 kB | 0.2/3.0 MB | 16 kBProgress (5): 111 kB | 269 kB | 69/587 kB | 0.2/3.0 MB | 16 kBProgress (5): 111 kB | 269 kB | 73/587 kB | 0.2/3.0 MB | 16 kBProgress (5): 111 kB | 269 kB | 77/587 kB | 0.2/3.0 MB | 16 kBProgress (5): 111 kB | 269 kB | 81/587 kB | 0.2/3.0 MB | 16 kBProgress (5): 111 kB | 269 kB | 85/587 kB | 0.2/3.0 MB | 16 kBProgress (5): 111 kB | 269 kB | 89/587 kB | 0.2/3.0 MB | 16 kBProgress (5): 111 kB | 269 kB | 93/587 kB | 0.2/3.0 MB | 16 kBProgress (5): 111 kB | 269 kB | 97/587 kB | 0.2/3.0 MB | 16 kBProgress (5): 111 kB | 269 kB | 102/587 kB | 0.2/3.0 MB | 16 kBProgress (5): 111 kB | 269 kB | 106/587 kB | 0.2/3.0 MB | 16 kBProgress (5): 111 kB | 269 kB | 110/587 kB | 0.2/3.0 MB | 16 kBProgress (5): 111 kB | 269 kB | 114/587 kB | 0.2/3.0 MB | 16 kBProgress (5): 111 kB | 269 kB | 118/587 kB | 0.2/3.0 MB | 16 kBProgress (5): 111 kB | 269 kB | 122/587 kB | 0.2/3.0 MB | 16 kBProgress (5): 111 kB | 269 kB | 126/587 kB | 0.2/3.0 MB | 16 kBProgress (5): 111 kB | 269 kB | 130/587 kB | 0.2/3.0 MB | 16 kBProgress (5): 111 kB | 269 kB | 134/587 kB | 0.2/3.0 MB | 16 kBProgress (5): 111 kB | 269 kB | 138/587 kB | 0.2/3.0 MB | 16 kBProgress (5): 111 kB | 269 kB | 142/587 kB | 0.2/3.0 MB | 16 kBProgress (5): 111 kB | 269 kB | 147/587 kB | 0.2/3.0 MB | 16 kB                                                               Downloaded from central: https://repo.maven.apache.org/maven2/org/sonatype/central/central-publishing-maven-plugin/0.7.0/central-publishing-maven-plugin-0.7.0.jar (111 kB at 1.3 MB/s)
Downloading from central: https://repo.maven.apache.org/maven2/com/fasterxml/jackson/core/jackson-databind/2.16.1/jackson-databind-2.16.1.jar
Progress (4): 269 kB | 147/587 kB | 0.2/3.0 MB | 16 kBProgress (4): 269 kB | 147/587 kB | 0.2/3.0 MB | 16 kBProgress (4): 269 kB | 147/587 kB | 0.2/3.0 MB | 16 kBProgress (4): 269 kB | 147/587 kB | 0.2/3.0 MB | 16 kBProgress (4): 269 kB | 147/587 kB | 0.3/3.0 MB | 16 kBProgress (4): 269 kB | 147/587 kB | 0.3/3.0 MB | 16 kBProgress (4): 269 kB | 147/587 kB | 0.3/3.0 MB | 16 kBProgress (4): 269 kB | 147/587 kB | 0.3/3.0 MB | 16 kBProgress (4): 269 kB | 151/587 kB | 0.3/3.0 MB | 16 kBProgress (4): 269 kB | 155/587 kB | 0.3/3.0 MB | 16 kBProgress (4): 269 kB | 159/587 kB | 0.3/3.0 MB | 16 kBProgress (4): 269 kB | 163/587 kB | 0.3/3.0 MB | 16 kBProgress (4): 269 kB | 167/587 kB | 0.3/3.0 MB | 16 kBProgress (4): 269 kB | 171/587 kB | 0.3/3.0 MB | 16 kBProgress (4): 269 kB | 175/587 kB | 0.3/3.0 MB | 16 kBProgress (4): 269 kB | 179/587 kB | 0.3/3.0 MB | 16 kBProgress (4): 269 kB | 183/587 kB | 0.3/3.0 MB | 16 kBProgress (4): 269 kB | 188/587 kB | 0.3/3.0 MB | 16 kBProgress (4): 269 kB | 192/587 kB | 0.3/3.0 MB | 16 kBProgress (4): 269 kB | 196/587 kB | 0.3/3.0 MB | 16 kBProgress (4): 269 kB | 200/587 kB | 0.3/3.0 MB | 16 kBProgress (4): 269 kB | 204/587 kB | 0.3/3.0 MB | 16 kBProgress (4): 269 kB | 208/587 kB | 0.3/3.0 MB | 16 kBProgress (4): 269 kB | 208/587 kB | 0.3/3.0 MB | 16 kBProgress (4): 269 kB | 208/587 kB | 0.3/3.0 MB | 16 kBProgress (4): 269 kB | 212/587 kB | 0.3/3.0 MB | 16 kBProgress (4): 269 kB | 216/587 kB | 0.3/3.0 MB | 16 kBProgress (4): 269 kB | 220/587 kB | 0.3/3.0 MB | 16 kBProgress (4): 269 kB | 224/587 kB | 0.3/3.0 MB | 16 kBProgress (4): 269 kB | 228/587 kB | 0.3/3.0 MB | 16 kBProgress (4): 269 kB | 233/587 kB | 0.3/3.0 MB | 16 kBProgress (4): 269 kB | 237/587 kB | 0.3/3.0 MB | 16 kBProgress (4): 269 kB | 241/587 kB | 0.3/3.0 MB | 16 kBProgress (4): 269 kB | 245/587 kB | 0.3/3.0 MB | 16 kBProgress (4): 269 kB | 249/587 kB | 0.3/3.0 MB | 16 kBProgress (4): 269 kB | 253/587 kB | 0.3/3.0 MB | 16 kBProgress (4): 269 kB | 257/587 kB | 0.3/3.0 MB | 16 kBProgress (4): 269 kB | 261/587 kB | 0.3/3.0 MB | 16 kBProgress (4): 269 kB | 265/587 kB | 0.3/3.0 MB | 16 kBProgress (4): 269 kB | 269/587 kB | 0.3/3.0 MB | 16 kBProgress (4): 269 kB | 274/587 kB | 0.3/3.0 MB | 16 kBProgress (4): 269 kB | 278/587 kB | 0.3/3.0 MB | 16 kBProgress (4): 269 kB | 282/587 kB | 0.3/3.0 MB | 16 kBProgress (4): 269 kB | 286/587 kB | 0.3/3.0 MB | 16 kBProgress (4): 269 kB | 290/587 kB | 0.3/3.0 MB | 16 kBProgress (4): 269 kB | 294/587 kB | 0.3/3.0 MB | 16 kBProgress (4): 269 kB | 294/587 kB | 0.4/3.0 MB | 16 kBProgress (4): 269 kB | 294/587 kB | 0.4/3.0 MB | 16 kBProgress (4): 269 kB | 294/587 kB | 0.4/3.0 MB | 16 kBProgress (4): 269 kB | 294/587 kB | 0.4/3.0 MB | 16 kBProgress (4): 269 kB | 294/587 kB | 0.4/3.0 MB | 16 kBProgress (4): 269 kB | 294/587 kB | 0.4/3.0 MB | 16 kBProgress (4): 269 kB | 294/587 kB | 0.5/3.0 MB | 16 kBProgress (4): 269 kB | 294/587 kB | 0.5/3.0 MB | 16 kBProgress (4): 269 kB | 294/587 kB | 0.5/3.0 MB | 16 kBProgress (4): 269 kB | 294/587 kB | 0.5/3.0 MB | 16 kBProgress (4): 269 kB | 298/587 kB | 0.5/3.0 MB | 16 kBProgress (4): 269 kB | 302/587 kB | 0.5/3.0 MB | 16 kBProgress (4): 269 kB | 306/587 kB | 0.5/3.0 MB | 16 kBProgress (4): 269 kB | 310/587 kB | 0.5/3.0 MB | 16 kBProgress (4): 269 kB | 315/587 kB | 0.5/3.0 MB | 16 kBProgress (4): 269 kB | 319/587 kB | 0.5/3.0 MB | 16 kBProgress (4): 269 kB | 323/587 kB | 0.5/3.0 MB | 16 kBProgress (4): 269 kB | 327/587 kB | 0.5/3.0 MB | 16 kBProgress (4): 269 kB | 331/587 kB | 0.5/3.0 MB | 16 kBProgress (4): 269 kB | 335/587 kB | 0.5/3.0 MB | 16 kBProgress (4): 269 kB | 339/587 kB | 0.5/3.0 MB | 16 kBProgress (4): 269 kB | 343/587 kB | 0.5/3.0 MB | 16 kBProgress (4): 269 kB | 347/587 kB | 0.5/3.0 MB | 16 kBProgress (4): 269 kB | 351/587 kB | 0.5/3.0 MB | 16 kBProgress (4): 269 kB | 355/587 kB | 0.5/3.0 MB | 16 kBProgress (4): 269 kB | 360/587 kB | 0.5/3.0 MB | 16 kBProgress (4): 269 kB | 364/587 kB | 0.5/3.0 MB | 16 kBProgress (4): 269 kB | 368/587 kB | 0.5/3.0 MB | 16 kBProgress (4): 269 kB | 372/587 kB | 0.5/3.0 MB | 16 kBProgress (4): 269 kB | 376/587 kB | 0.5/3.0 MB | 16 kBProgress (4): 269 kB | 380/587 kB | 0.5/3.0 MB | 16 kBProgress (4): 269 kB | 384/587 kB | 0.5/3.0 MB | 16 kBProgress (4): 269 kB | 388/587 kB | 0.5/3.0 MB | 16 kBProgress (4): 269 kB | 392/587 kB | 0.5/3.0 MB | 16 kBProgress (4): 269 kB | 396/587 kB | 0.5/3.0 MB | 16 kBProgress (4): 269 kB | 401/587 kB | 0.5/3.0 MB | 16 kBProgress (4): 269 kB | 405/587 kB | 0.5/3.0 MB | 16 kBProgress (4): 269 kB | 409/587 kB | 0.5/3.0 MB | 16 kBProgress (4): 269 kB | 413/587 kB | 0.5/3.0 MB | 16 kBProgress (4): 269 kB | 417/587 kB | 0.5/3.0 MB | 16 kBProgress (4): 269 kB | 421/587 kB | 0.5/3.0 MB | 16 kBProgress (4): 269 kB | 425/587 kB | 0.5/3.0 MB | 16 kBProgress (4): 269 kB | 429/587 kB | 0.5/3.0 MB | 16 kBProgress (4): 269 kB | 433/587 kB | 0.5/3.0 MB | 16 kBProgress (4): 269 kB | 437/587 kB | 0.5/3.0 MB | 16 kB                                                      Downloaded from central: https://repo.maven.apache.org/maven2/com/github/package-url/packageurl-java/1.4.1/packageurl-java-1.4.1.jar (16 kB at 132 kB/s)
Downloading from central: https://repo.maven.apache.org/maven2/com/fasterxml/jackson/core/jackson-annotations/2.16.1/jackson-annotations-2.16.1.jar
Progress (3): 269 kB | 437/587 kB | 0.5/3.0 MBProgress (3): 269 kB | 437/587 kB | 0.5/3.0 MBProgress (3): 269 kB | 437/587 kB | 0.6/3.0 MBProgress (3): 269 kB | 437/587 kB | 0.6/3.0 MBProgress (4): 269 kB | 437/587 kB | 0.6/3.0 MB | 0/1.6 MBProgress (4): 269 kB | 437/587 kB | 0.6/3.0 MB | 0/1.6 MBProgress (4): 269 kB | 437/587 kB | 0.6/3.0 MB | 0/1.6 MBProgress (4): 269 kB | 437/587 kB | 0.6/3.0 MB | 0/1.6 MBProgress (4): 269 kB | 437/587 kB | 0.6/3.0 MB | 0/1.6 MBProgress (4): 269 kB | 437/587 kB | 0.6/3.0 MB | 0.1/1.6 MBProgress (4): 269 kB | 437/587 kB | 0.6/3.0 MB | 0.1/1.6 MBProgress (4): 269 kB | 437/587 kB | 0.6/3.0 MB | 0.1/1.6 MBProgress (4): 269 kB | 437/587 kB | 0.6/3.0 MB | 0.1/1.6 MBProgress (4): 269 kB | 437/587 kB | 0.6/3.0 MB | 0.1/1.6 MBProgress (4): 269 kB | 437/587 kB | 0.6/3.0 MB | 0.1/1.6 MBProgress (4): 269 kB | 437/587 kB | 0.6/3.0 MB | 0.1/1.6 MBProgress (4): 269 kB | 437/587 kB | 0.6/3.0 MB | 0.1/1.6 MBProgress (4): 269 kB | 437/587 kB | 0.6/3.0 MB | 0.1/1.6 MBProgress (4): 269 kB | 437/587 kB | 0.6/3.0 MB | 0.1/1.6 MBProgress (4): 269 kB | 437/587 kB | 0.6/3.0 MB | 0.1/1.6 MBProgress (4): 269 kB | 437/587 kB | 0.6/3.0 MB | 0.1/1.6 MB                                                           Downloaded from central: https://repo.maven.apache.org/maven2/org/codehaus/plexus/plexus-utils/3.5.1/plexus-utils-3.5.1.jar (269 kB at 2.1 MB/s)
Downloading from central: https://repo.maven.apache.org/maven2/com/fasterxml/jackson/core/jackson-core/2.16.1/jackson-core-2.16.1.jar
Progress (3): 441/587 kB | 0.6/3.0 MB | 0.1/1.6 MBProgress (3): 446/587 kB | 0.6/3.0 MB | 0.1/1.6 MBProgress (3): 450/587 kB | 0.6/3.0 MB | 0.1/1.6 MBProgress (3): 454/587 kB | 0.6/3.0 MB | 0.1/1.6 MBProgress (3): 458/587 kB | 0.6/3.0 MB | 0.1/1.6 MBProgress (3): 462/587 kB | 0.6/3.0 MB | 0.1/1.6 MBProgress (3): 466/587 kB | 0.6/3.0 MB | 0.1/1.6 MBProgress (3): 470/587 kB | 0.6/3.0 MB | 0.1/1.6 MBProgress (3): 474/587 kB | 0.6/3.0 MB | 0.1/1.6 MBProgress (3): 478/587 kB | 0.6/3.0 MB | 0.1/1.6 MBProgress (3): 482/587 kB | 0.6/3.0 MB | 0.1/1.6 MBProgress (3): 487/587 kB | 0.6/3.0 MB | 0.1/1.6 MBProgress (3): 491/587 kB | 0.6/3.0 MB | 0.1/1.6 MBProgress (3): 491/587 kB | 0.6/3.0 MB | 0.1/1.6 MBProgress (3): 491/587 kB | 0.7/3.0 MB | 0.1/1.6 MBProgress (3): 491/587 kB | 0.7/3.0 MB | 0.1/1.6 MBProgress (3): 495/587 kB | 0.7/3.0 MB | 0.1/1.6 MBProgress (3): 499/587 kB | 0.7/3.0 MB | 0.1/1.6 MBProgress (3): 503/587 kB | 0.7/3.0 MB | 0.1/1.6 MBProgress (3): 507/587 kB | 0.7/3.0 MB | 0.1/1.6 MBProgress (3): 511/587 kB | 0.7/3.0 MB | 0.1/1.6 MBProgress (3): 515/587 kB | 0.7/3.0 MB | 0.1/1.6 MBProgress (3): 519/587 kB | 0.7/3.0 MB | 0.1/1.6 MBProgress (3): 523/587 kB | 0.7/3.0 MB | 0.1/1.6 MBProgress (3): 527/587 kB | 0.7/3.0 MB | 0.1/1.6 MBProgress (3): 532/587 kB | 0.7/3.0 MB | 0.1/1.6 MBProgress (3): 536/587 kB | 0.7/3.0 MB | 0.1/1.6 MBProgress (3): 536/587 kB | 0.7/3.0 MB | 0.1/1.6 MBProgress (3): 536/587 kB | 0.7/3.0 MB | 0.1/1.6 MBProgress (3): 536/587 kB | 0.7/3.0 MB | 0.1/1.6 MBProgress (3): 536/587 kB | 0.7/3.0 MB | 0.2/1.6 MBProgress (3): 536/587 kB | 0.7/3.0 MB | 0.2/1.6 MBProgress (3): 536/587 kB | 0.7/3.0 MB | 0.2/1.6 MBProgress (3): 540/587 kB | 0.7/3.0 MB | 0.2/1.6 MBProgress (3): 544/587 kB | 0.7/3.0 MB | 0.2/1.6 MBProgress (3): 544/587 kB | 0.7/3.0 MB | 0.2/1.6 MBProgress (3): 544/587 kB | 0.7/3.0 MB | 0.2/1.6 MBProgress (3): 544/587 kB | 0.7/3.0 MB | 0.2/1.6 MBProgress (3): 544/587 kB | 0.7/3.0 MB | 0.2/1.6 MBProgress (3): 548/587 kB | 0.7/3.0 MB | 0.2/1.6 MBProgress (3): 552/587 kB | 0.7/3.0 MB | 0.2/1.6 MBProgress (3): 556/587 kB | 0.7/3.0 MB | 0.2/1.6 MBProgress (3): 560/587 kB | 0.7/3.0 MB | 0.2/1.6 MBProgress (3): 560/587 kB | 0.7/3.0 MB | 0.2/1.6 MBProgress (3): 560/587 kB | 0.7/3.0 MB | 0.2/1.6 MBProgress (3): 560/587 kB | 0.7/3.0 MB | 0.2/1.6 MBProgress (3): 560/587 kB | 0.7/3.0 MB | 0.2/1.6 MBProgress (3): 560/587 kB | 0.7/3.0 MB | 0.2/1.6 MBProgress (3): 560/587 kB | 0.7/3.0 MB | 0.2/1.6 MBProgress (3): 560/587 kB | 0.7/3.0 MB | 0.2/1.6 MBProgress (3): 560/587 kB | 0.7/3.0 MB | 0.2/1.6 MBProgress (3): 560/587 kB | 0.8/3.0 MB | 0.2/1.6 MBProgress (3): 560/587 kB | 0.8/3.0 MB | 0.2/1.6 MBProgress (3): 564/587 kB | 0.8/3.0 MB | 0.2/1.6 MBProgress (3): 568/587 kB | 0.8/3.0 MB | 0.2/1.6 MBProgress (3): 573/587 kB | 0.8/3.0 MB | 0.2/1.6 MBProgress (3): 577/587 kB | 0.8/3.0 MB | 0.2/1.6 MBProgress (3): 581/587 kB | 0.8/3.0 MB | 0.2/1.6 MBProgress (3): 585/587 kB | 0.8/3.0 MB | 0.2/1.6 MBProgress (3): 587 kB | 0.8/3.0 MB | 0.2/1.6 MB    Progress (3): 587 kB | 0.8/3.0 MB | 0.2/1.6 MBProgress (3): 587 kB | 0.8/3.0 MB | 0.2/1.6 MBProgress (3): 587 kB | 0.8/3.0 MB | 0.2/1.6 MBProgress (3): 587 kB | 0.8/3.0 MB | 0.2/1.6 MBProgress (3): 587 kB | 0.8/3.0 MB | 0.2/1.6 MBProgress (3): 587 kB | 0.8/3.0 MB | 0.3/1.6 MBProgress (3): 587 kB | 0.8/3.0 MB | 0.3/1.6 MBProgress (3): 587 kB | 0.8/3.0 MB | 0.3/1.6 MBProgress (3): 587 kB | 0.8/3.0 MB | 0.3/1.6 MBProgress (3): 587 kB | 0.8/3.0 MB | 0.3/1.6 MBProgress (3): 587 kB | 0.8/3.0 MB | 0.3/1.6 MBProgress (3): 587 kB | 0.8/3.0 MB | 0.3/1.6 MBProgress (3): 587 kB | 0.9/3.0 MB | 0.3/1.6 MBProgress (3): 587 kB | 0.9/3.0 MB | 0.3/1.6 MBProgress (3): 587 kB | 0.9/3.0 MB | 0.3/1.6 MBProgress (3): 587 kB | 0.9/3.0 MB | 0.3/1.6 MBProgress (3): 587 kB | 0.9/3.0 MB | 0.3/1.6 MBProgress (3): 587 kB | 0.9/3.0 MB | 0.3/1.6 MBProgress (3): 587 kB | 0.9/3.0 MB | 0.3/1.6 MBProgress (4): 587 kB | 0.9/3.0 MB | 0.3/1.6 MB | 4.1/578 kBProgress (4): 587 kB | 0.9/3.0 MB | 0.3/1.6 MB | 4.1/578 kBProgress (4): 587 kB | 0.9/3.0 MB | 0.3/1.6 MB | 4.1/578 kBProgress (4): 587 kB | 0.9/3.0 MB | 0.3/1.6 MB | 4.1/578 kBProgress (4): 587 kB | 0.9/3.0 MB | 0.3/1.6 MB | 4.1/578 kBProgress (4): 587 kB | 0.9/3.0 MB | 0.3/1.6 MB | 4.1/578 kBProgress (4): 587 kB | 0.9/3.0 MB | 0.4/1.6 MB | 4.1/578 kBProgress (4): 587 kB | 0.9/3.0 MB | 0.4/1.6 MB | 4.1/578 kBProgress (4): 587 kB | 0.9/3.0 MB | 0.4/1.6 MB | 4.1/578 kBProgress (4): 587 kB | 0.9/3.0 MB | 0.4/1.6 MB | 4.1/578 kBProgress (4): 587 kB | 0.9/3.0 MB | 0.4/1.6 MB | 4.1/578 kBProgress (4): 587 kB | 0.9/3.0 MB | 0.4/1.6 MB | 4.1/578 kBProgress (4): 587 kB | 0.9/3.0 MB | 0.4/1.6 MB | 4.1/578 kBProgress (4): 587 kB | 1.0/3.0 MB | 0.4/1.6 MB | 4.1/578 kBProgress (4): 587 kB | 1.0/3.0 MB | 0.4/1.6 MB | 7.7/578 kBProgress (4): 587 kB | 1.0/3.0 MB | 0.4/1.6 MB | 12/578 kB Progress (4): 587 kB | 1.0/3.0 MB | 0.4/1.6 MB | 16/578 kBProgress (4): 587 kB | 1.0/3.0 MB | 0.4/1.6 MB | 20/578 kBProgress (4): 587 kB | 1.0/3.0 MB | 0.4/1.6 MB | 24/578 kBProgress (4): 587 kB | 1.0/3.0 MB | 0.4/1.6 MB | 28/578 kBProgress (4): 587 kB | 1.0/3.0 MB | 0.4/1.6 MB | 28/578 kBProgress (4): 587 kB | 1.0/3.0 MB | 0.4/1.6 MB | 28/578 kBProgress (4): 587 kB | 1.0/3.0 MB | 0.4/1.6 MB | 28/578 kBProgress (4): 587 kB | 1.0/3.0 MB | 0.4/1.6 MB | 32/578 kBProgress (4): 587 kB | 1.0/3.0 MB | 0.4/1.6 MB | 36/578 kBProgress (4): 587 kB | 1.0/3.0 MB | 0.4/1.6 MB | 40/578 kBProgress (4): 587 kB | 1.0/3.0 MB | 0.4/1.6 MB | 44/578 kBProgress (4): 587 kB | 1.0/3.0 MB | 0.4/1.6 MB | 48/578 kBProgress (4): 587 kB | 1.0/3.0 MB | 0.4/1.6 MB | 52/578 kBProgress (4): 587 kB | 1.0/3.0 MB | 0.4/1.6 MB | 56/578 kBProgress (5): 587 kB | 1.0/3.0 MB | 0.4/1.6 MB | 56/578 kB | 4.1/78 kBProgress (5): 587 kB | 1.0/3.0 MB | 0.4/1.6 MB | 56/578 kB | 7.7/78 kBProgress (5): 587 kB | 1.0/3.0 MB | 0.4/1.6 MB | 56/578 kB | 12/78 kB Progress (5): 587 kB | 1.0/3.0 MB | 0.4/1.6 MB | 56/578 kB | 16/78 kBProgress (5): 587 kB | 1.0/3.0 MB | 0.4/1.6 MB | 56/578 kB | 20/78 kBProgress (5): 587 kB | 1.0/3.0 MB | 0.4/1.6 MB | 56/578 kB | 20/78 kBProgress (5): 587 kB | 1.0/3.0 MB | 0.4/1.6 MB | 56/578 kB | 20/78 kBProgress (5): 587 kB | 1.0/3.0 MB | 0.4/1.6 MB | 56/578 kB | 24/78 kBProgress (5): 587 kB | 1.0/3.0 MB | 0.4/1.6 MB | 56/578 kB | 28/78 kBProgress (5): 587 kB | 1.0/3.0 MB | 0.4/1.6 MB | 56/578 kB | 32/78 kBProgress (5): 587 kB | 1.0/3.0 MB | 0.4/1.6 MB | 56/578 kB | 36/78 kBProgress (5): 587 kB | 1.0/3.0 MB | 0.4/1.6 MB | 56/578 kB | 40/78 kBProgress (5): 587 kB | 1.0/3.0 MB | 0.4/1.6 MB | 56/578 kB | 45/78 kBProgress (5): 587 kB | 1.0/3.0 MB | 0.4/1.6 MB | 56/578 kB | 49/78 kBProgress (5): 587 kB | 1.0/3.0 MB | 0.4/1.6 MB | 56/578 kB | 53/78 kBProgress (5): 587 kB | 1.0/3.0 MB | 0.4/1.6 MB | 56/578 kB | 53/78 kBProgress (5): 587 kB | 1.0/3.0 MB | 0.4/1.6 MB | 61/578 kB | 53/78 kBProgress (5): 587 kB | 1.0/3.0 MB | 0.4/1.6 MB | 65/578 kB | 53/78 kBProgress (5): 587 kB | 1.0/3.0 MB | 0.4/1.6 MB | 69/578 kB | 53/78 kBProgress (5): 587 kB | 1.0/3.0 MB | 0.4/1.6 MB | 73/578 kB | 53/78 kBProgress (5): 587 kB | 1.0/3.0 MB | 0.4/1.6 MB | 77/578 kB | 53/78 kBProgress (5): 587 kB | 1.0/3.0 MB | 0.4/1.6 MB | 77/578 kB | 53/78 kBProgress (5): 587 kB | 1.0/3.0 MB | 0.4/1.6 MB | 77/578 kB | 53/78 kBProgress (5): 587 kB | 1.0/3.0 MB | 0.4/1.6 MB | 77/578 kB | 53/78 kBProgress (5): 587 kB | 1.0/3.0 MB | 0.4/1.6 MB | 77/578 kB | 53/78 kBProgress (5): 587 kB | 1.0/3.0 MB | 0.5/1.6 MB | 77/578 kB | 53/78 kBProgress (5): 587 kB | 1.0/3.0 MB | 0.5/1.6 MB | 77/578 kB | 53/78 kBProgress (5): 587 kB | 1.0/3.0 MB | 0.5/1.6 MB | 81/578 kB | 53/78 kBProgress (5): 587 kB | 1.0/3.0 MB | 0.5/1.6 MB | 85/578 kB | 53/78 kBProgress (5): 587 kB | 1.0/3.0 MB | 0.5/1.6 MB | 89/578 kB | 53/78 kBProgress (5): 587 kB | 1.0/3.0 MB | 0.5/1.6 MB | 93/578 kB | 53/78 kBProgress (5): 587 kB | 1.0/3.0 MB | 0.5/1.6 MB | 97/578 kB | 53/78 kBProgress (5): 587 kB | 1.0/3.0 MB | 0.5/1.6 MB | 101/578 kB | 53/78 kBProgress (5): 587 kB | 1.0/3.0 MB | 0.5/1.6 MB | 106/578 kB | 53/78 kBProgress (5): 587 kB | 1.0/3.0 MB | 0.5/1.6 MB | 110/578 kB | 53/78 kBProgress (5): 587 kB | 1.0/3.0 MB | 0.5/1.6 MB | 114/578 kB | 53/78 kBProgress (5): 587 kB | 1.1/3.0 MB | 0.5/1.6 MB | 114/578 kB | 53/78 kBProgress (5): 587 kB | 1.1/3.0 MB | 0.5/1.6 MB | 114/578 kB | 53/78 kBProgress (5): 587 kB | 1.1/3.0 MB | 0.5/1.6 MB | 114/578 kB | 53/78 kBProgress (5): 587 kB | 1.1/3.0 MB | 0.5/1.6 MB | 114/578 kB | 53/78 kBProgress (5): 587 kB | 1.1/3.0 MB | 0.5/1.6 MB | 114/578 kB | 53/78 kBProgress (5): 587 kB | 1.1/3.0 MB | 0.5/1.6 MB | 114/578 kB | 53/78 kBProgress (5): 587 kB | 1.1/3.0 MB | 0.5/1.6 MB | 114/578 kB | 53/78 kBProgress (5): 587 kB | 1.1/3.0 MB | 0.5/1.6 MB | 114/578 kB | 53/78 kBProgress (5): 587 kB | 1.1/3.0 MB | 0.5/1.6 MB | 114/578 kB | 53/78 kBProgress (5): 587 kB | 1.1/3.0 MB | 0.5/1.6 MB | 114/578 kB | 53/78 kBProgress (5): 587 kB | 1.1/3.0 MB | 0.5/1.6 MB | 114/578 kB | 53/78 kBProgress (5): 587 kB | 1.1/3.0 MB | 0.5/1.6 MB | 114/578 kB | 53/78 kBProgress (5): 587 kB | 1.1/3.0 MB | 0.5/1.6 MB | 118/578 kB | 53/78 kBProgress (5): 587 kB | 1.1/3.0 MB | 0.5/1.6 MB | 122/578 kB | 53/78 kBProgress (5): 587 kB | 1.1/3.0 MB | 0.5/1.6 MB | 126/578 kB | 53/78 kBProgress (5): 587 kB | 1.1/3.0 MB | 0.5/1.6 MB | 130/578 kB | 53/78 kB                                                                      Downloaded from central: https://repo.maven.apache.org/maven2/org/apache/commons/commons-lang3/3.12.0/commons-lang3-3.12.0.jar (587 kB at 3.2 MB/s)
Downloading from central: https://repo.maven.apache.org/maven2/org/apache/httpcomponents/client5/httpclient5/5.3.1/httpclient5-5.3.1.jar
Progress (4): 1.1/3.0 MB | 0.5/1.6 MB | 130/578 kB | 57/78 kBProgress (4): 1.1/3.0 MB | 0.5/1.6 MB | 130/578 kB | 61/78 kBProgress (4): 1.1/3.0 MB | 0.5/1.6 MB | 130/578 kB | 65/78 kBProgress (4): 1.1/3.0 MB | 0.5/1.6 MB | 130/578 kB | 69/78 kBProgress (4): 1.1/3.0 MB | 0.5/1.6 MB | 130/578 kB | 73/78 kBProgress (4): 1.1/3.0 MB | 0.5/1.6 MB | 134/578 kB | 73/78 kBProgress (4): 1.1/3.0 MB | 0.5/1.6 MB | 138/578 kB | 73/78 kBProgress (4): 1.1/3.0 MB | 0.5/1.6 MB | 142/578 kB | 73/78 kBProgress (4): 1.1/3.0 MB | 0.5/1.6 MB | 147/578 kB | 73/78 kBProgress (4): 1.1/3.0 MB | 0.5/1.6 MB | 151/578 kB | 73/78 kBProgress (4): 1.1/3.0 MB | 0.5/1.6 MB | 155/578 kB | 73/78 kBProgress (4): 1.1/3.0 MB | 0.5/1.6 MB | 159/578 kB | 73/78 kBProgress (4): 1.2/3.0 MB | 0.5/1.6 MB | 159/578 kB | 73/78 kBProgress (4): 1.2/3.0 MB | 0.5/1.6 MB | 159/578 kB | 73/78 kBProgress (4): 1.2/3.0 MB | 0.5/1.6 MB | 159/578 kB | 77/78 kBProgress (4): 1.2/3.0 MB | 0.5/1.6 MB | 159/578 kB | 78 kB   Progress (4): 1.2/3.0 MB | 0.5/1.6 MB | 159/578 kB | 78 kBProgress (4): 1.2/3.0 MB | 0.5/1.6 MB | 159/578 kB | 78 kBProgress (4): 1.2/3.0 MB | 0.5/1.6 MB | 159/578 kB | 78 kBProgress (4): 1.2/3.0 MB | 0.5/1.6 MB | 159/578 kB | 78 kBProgress (4): 1.2/3.0 MB | 0.5/1.6 MB | 159/578 kB | 78 kBProgress (4): 1.2/3.0 MB | 0.5/1.6 MB | 159/578 kB | 78 kBProgress (4): 1.2/3.0 MB | 0.5/1.6 MB | 159/578 kB | 78 kBProgress (4): 1.3/3.0 MB | 0.5/1.6 MB | 159/578 kB | 78 kBProgress (4): 1.3/3.0 MB | 0.5/1.6 MB | 159/578 kB | 78 kBProgress (4): 1.3/3.0 MB | 0.5/1.6 MB | 159/578 kB | 78 kBProgress (4): 1.3/3.0 MB | 0.6/1.6 MB | 159/578 kB | 78 kBProgress (4): 1.3/3.0 MB | 0.6/1.6 MB | 159/578 kB | 78 kBProgress (4): 1.3/3.0 MB | 0.6/1.6 MB | 159/578 kB | 78 kBProgress (4): 1.3/3.0 MB | 0.6/1.6 MB | 159/578 kB | 78 kBProgress (4): 1.3/3.0 MB | 0.6/1.6 MB | 159/578 kB | 78 kBProgress (4): 1.3/3.0 MB | 0.6/1.6 MB | 159/578 kB | 78 kBProgress (4): 1.3/3.0 MB | 0.6/1.6 MB | 159/578 kB | 78 kBProgress (4): 1.3/3.0 MB | 0.6/1.6 MB | 159/578 kB | 78 kBProgress (4): 1.3/3.0 MB | 0.6/1.6 MB | 159/578 kB | 78 kBProgress (4): 1.3/3.0 MB | 0.6/1.6 MB | 163/578 kB | 78 kBProgress (4): 1.3/3.0 MB | 0.6/1.6 MB | 167/578 kB | 78 kBProgress (4): 1.3/3.0 MB | 0.6/1.6 MB | 171/578 kB | 78 kBProgress (4): 1.3/3.0 MB | 0.6/1.6 MB | 175/578 kB | 78 kBProgress (4): 1.3/3.0 MB | 0.6/1.6 MB | 179/578 kB | 78 kBProgress (4): 1.3/3.0 MB | 0.6/1.6 MB | 183/578 kB | 78 kBProgress (4): 1.3/3.0 MB | 0.6/1.6 MB | 187/578 kB | 78 kBProgress (4): 1.3/3.0 MB | 0.6/1.6 MB | 192/578 kB | 78 kBProgress (4): 1.3/3.0 MB | 0.6/1.6 MB | 196/578 kB | 78 kBProgress (4): 1.3/3.0 MB | 0.6/1.6 MB | 200/578 kB | 78 kBProgress (4): 1.3/3.0 MB | 0.6/1.6 MB | 204/578 kB | 78 kBProgress (4): 1.3/3.0 MB | 0.6/1.6 MB | 208/578 kB | 78 kBProgress (4): 1.3/3.0 MB | 0.6/1.6 MB | 208/578 kB | 78 kBProgress (4): 1.3/3.0 MB | 0.6/1.6 MB | 208/578 kB | 78 kBProgress (4): 1.3/3.0 MB | 0.6/1.6 MB | 208/578 kB | 78 kBProgress (4): 1.3/3.0 MB | 0.6/1.6 MB | 212/578 kB | 78 kBProgress (4): 1.3/3.0 MB | 0.6/1.6 MB | 216/578 kB | 78 kBProgress (4): 1.3/3.0 MB | 0.6/1.6 MB | 220/578 kB | 78 kBProgress (4): 1.3/3.0 MB | 0.6/1.6 MB | 220/578 kB | 78 kBProgress (4): 1.3/3.0 MB | 0.6/1.6 MB | 220/578 kB | 78 kBProgress (4): 1.3/3.0 MB | 0.6/1.6 MB | 224/578 kB | 78 kBProgress (4): 1.3/3.0 MB | 0.7/1.6 MB | 224/578 kB | 78 kBProgress (4): 1.3/3.0 MB | 0.7/1.6 MB | 224/578 kB | 78 kBProgress (4): 1.3/3.0 MB | 0.7/1.6 MB | 224/578 kB | 78 kBProgress (4): 1.3/3.0 MB | 0.7/1.6 MB | 224/578 kB | 78 kBProgress (4): 1.3/3.0 MB | 0.7/1.6 MB | 224/578 kB | 78 kBProgress (4): 1.3/3.0 MB | 0.7/1.6 MB | 224/578 kB | 78 kBProgress (4): 1.3/3.0 MB | 0.7/1.6 MB | 224/578 kB | 78 kBProgress (4): 1.3/3.0 MB | 0.7/1.6 MB | 224/578 kB | 78 kBProgress (4): 1.4/3.0 MB | 0.7/1.6 MB | 224/578 kB | 78 kBProgress (4): 1.4/3.0 MB | 0.7/1.6 MB | 228/578 kB | 78 kBProgress (4): 1.4/3.0 MB | 0.7/1.6 MB | 233/578 kB | 78 kBProgress (4): 1.4/3.0 MB | 0.7/1.6 MB | 237/578 kB | 78 kBProgress (4): 1.4/3.0 MB | 0.7/1.6 MB | 241/578 kB | 78 kBProgress (4): 1.4/3.0 MB | 0.7/1.6 MB | 241/578 kB | 78 kBProgress (4): 1.4/3.0 MB | 0.7/1.6 MB | 241/578 kB | 78 kBProgress (4): 1.4/3.0 MB | 0.7/1.6 MB | 241/578 kB | 78 kBProgress (4): 1.4/3.0 MB | 0.7/1.6 MB | 241/578 kB | 78 kBProgress (4): 1.4/3.0 MB | 0.7/1.6 MB | 241/578 kB | 78 kBProgress (4): 1.4/3.0 MB | 0.7/1.6 MB | 241/578 kB | 78 kBProgress (4): 1.4/3.0 MB | 0.7/1.6 MB | 241/578 kB | 78 kBProgress (4): 1.4/3.0 MB | 0.7/1.6 MB | 241/578 kB | 78 kBProgress (4): 1.4/3.0 MB | 0.7/1.6 MB | 241/578 kB | 78 kBProgress (4): 1.4/3.0 MB | 0.7/1.6 MB | 245/578 kB | 78 kBProgress (4): 1.4/3.0 MB | 0.7/1.6 MB | 249/578 kB | 78 kBProgress (4): 1.4/3.0 MB | 0.7/1.6 MB | 253/578 kB | 78 kBProgress (4): 1.4/3.0 MB | 0.7/1.6 MB | 257/578 kB | 78 kBProgress (4): 1.4/3.0 MB | 0.7/1.6 MB | 261/578 kB | 78 kBProgress (4): 1.4/3.0 MB | 0.7/1.6 MB | 265/578 kB | 78 kBProgress (4): 1.4/3.0 MB | 0.7/1.6 MB | 269/578 kB | 78 kBProgress (4): 1.4/3.0 MB | 0.7/1.6 MB | 269/578 kB | 78 kBProgress (4): 1.4/3.0 MB | 0.8/1.6 MB | 269/578 kB | 78 kBProgress (4): 1.4/3.0 MB | 0.8/1.6 MB | 269/578 kB | 78 kBProgress (4): 1.4/3.0 MB | 0.8/1.6 MB | 269/578 kB | 78 kBProgress (4): 1.4/3.0 MB | 0.8/1.6 MB | 269/578 kB | 78 kBProgress (4): 1.4/3.0 MB | 0.8/1.6 MB | 274/578 kB | 78 kBProgress (4): 1.4/3.0 MB | 0.8/1.6 MB | 278/578 kB | 78 kBProgress (4): 1.4/3.0 MB | 0.8/1.6 MB | 282/578 kB | 78 kBProgress (4): 1.4/3.0 MB | 0.8/1.6 MB | 286/578 kB | 78 kBProgress (4): 1.4/3.0 MB | 0.8/1.6 MB | 286/578 kB | 78 kBProgress (4): 1.5/3.0 MB | 0.8/1.6 MB | 286/578 kB | 78 kBProgress (4): 1.5/3.0 MB | 0.8/1.6 MB | 290/578 kB | 78 kBProgress (4): 1.5/3.0 MB | 0.8/1.6 MB | 294/578 kB | 78 kBProgress (4): 1.5/3.0 MB | 0.8/1.6 MB | 298/578 kB | 78 kBProgress (4): 1.5/3.0 MB | 0.8/1.6 MB | 302/578 kB | 78 kBProgress (4): 1.5/3.0 MB | 0.8/1.6 MB | 306/578 kB | 78 kBProgress (4): 1.5/3.0 MB | 0.8/1.6 MB | 310/578 kB | 78 kBProgress (4): 1.5/3.0 MB | 0.8/1.6 MB | 314/578 kB | 78 kBProgress (4): 1.5/3.0 MB | 0.8/1.6 MB | 319/578 kB | 78 kBProgress (4): 1.5/3.0 MB | 0.8/1.6 MB | 323/578 kB | 78 kBProgress (4): 1.5/3.0 MB | 0.8/1.6 MB | 327/578 kB | 78 kBProgress (4): 1.5/3.0 MB | 0.8/1.6 MB | 327/578 kB | 78 kBProgress (4): 1.5/3.0 MB | 0.8/1.6 MB | 327/578 kB | 78 kBProgress (4): 1.5/3.0 MB | 0.8/1.6 MB | 327/578 kB | 78 kBProgress (4): 1.5/3.0 MB | 0.8/1.6 MB | 327/578 kB | 78 kBProgress (4): 1.5/3.0 MB | 0.8/1.6 MB | 327/578 kB | 78 kBProgress (4): 1.5/3.0 MB | 0.8/1.6 MB | 327/578 kB | 78 kBProgress (4): 1.5/3.0 MB | 0.8/1.6 MB | 327/578 kB | 78 kBProgress (4): 1.5/3.0 MB | 0.8/1.6 MB | 327/578 kB | 78 kBProgress (4): 1.5/3.0 MB | 0.8/1.6 MB | 327/578 kB | 78 kBProgress (4): 1.5/3.0 MB | 0.8/1.6 MB | 331/578 kB | 78 kBProgress (4): 1.5/3.0 MB | 0.8/1.6 MB | 335/578 kB | 78 kBProgress (4): 1.5/3.0 MB | 0.8/1.6 MB | 339/578 kB | 78 kBProgress (4): 1.5/3.0 MB | 0.8/1.6 MB | 343/578 kB | 78 kBProgress (4): 1.5/3.0 MB | 0.8/1.6 MB | 347/578 kB | 78 kBProgress (4): 1.5/3.0 MB | 0.8/1.6 MB | 351/578 kB | 78 kBProgress (4): 1.5/3.0 MB | 0.8/1.6 MB | 355/578 kB | 78 kBProgress (4): 1.5/3.0 MB | 0.8/1.6 MB | 360/578 kB | 78 kBProgress (4): 1.5/3.0 MB | 0.8/1.6 MB | 364/578 kB | 78 kBProgress (4): 1.5/3.0 MB | 0.8/1.6 MB | 364/578 kB | 78 kBProgress (4): 1.5/3.0 MB | 0.8/1.6 MB | 364/578 kB | 78 kBProgress (4): 1.5/3.0 MB | 0.8/1.6 MB | 364/578 kB | 78 kBProgress (4): 1.5/3.0 MB | 0.8/1.6 MB | 364/578 kB | 78 kBProgress (4): 1.5/3.0 MB | 0.8/1.6 MB | 364/578 kB | 78 kBProgress (4): 1.5/3.0 MB | 0.9/1.6 MB | 364/578 kB | 78 kBProgress (4): 1.5/3.0 MB | 0.9/1.6 MB | 364/578 kB | 78 kBProgress (4): 1.5/3.0 MB | 0.9/1.6 MB | 364/578 kB | 78 kBProgress (4): 1.6/3.0 MB | 0.9/1.6 MB | 364/578 kB | 78 kBProgress (4): 1.6/3.0 MB | 0.9/1.6 MB | 364/578 kB | 78 kBProgress (4): 1.6/3.0 MB | 0.9/1.6 MB | 364/578 kB | 78 kBProgress (4): 1.6/3.0 MB | 0.9/1.6 MB | 368/578 kB | 78 kBProgress (4): 1.6/3.0 MB | 0.9/1.6 MB | 372/578 kB | 78 kBProgress (4): 1.6/3.0 MB | 0.9/1.6 MB | 376/578 kB | 78 kB                                                          Downloaded from central: https://repo.maven.apache.org/maven2/com/fasterxml/jackson/core/jackson-annotations/2.16.1/jackson-annotations-2.16.1.jar (78 kB at 340 kB/s)
Progress (3): 1.6/3.0 MB | 0.9/1.6 MB | 376/578 kBProgress (3): 1.6/3.0 MB | 0.9/1.6 MB | 376/578 kBProgress (3): 1.6/3.0 MB | 0.9/1.6 MB | 376/578 kBProgress (3): 1.6/3.0 MB | 0.9/1.6 MB | 376/578 kBProgress (3): 1.6/3.0 MB | 0.9/1.6 MB | 376/578 kBProgress (3): 1.6/3.0 MB | 0.9/1.6 MB | 376/578 kBProgress (3): 1.6/3.0 MB | 0.9/1.6 MB | 380/578 kBProgress (3): 1.6/3.0 MB | 0.9/1.6 MB | 384/578 kBProgress (3): 1.6/3.0 MB | 0.9/1.6 MB | 388/578 kBProgress (3): 1.6/3.0 MB | 0.9/1.6 MB | 392/578 kBProgress (3): 1.6/3.0 MB | 0.9/1.6 MB | 396/578 kBProgress (3): 1.6/3.0 MB | 0.9/1.6 MB | 400/578 kBProgress (3): 1.6/3.0 MB | 0.9/1.6 MB | 405/578 kBProgress (3): 1.6/3.0 MB | 0.9/1.6 MB | 409/578 kBProgress (3): 1.6/3.0 MB | 0.9/1.6 MB | 413/578 kBProgress (3): 1.6/3.0 MB | 0.9/1.6 MB | 417/578 kBProgress (3): 1.6/3.0 MB | 0.9/1.6 MB | 421/578 kB                                                  Downloading from central: https://repo.maven.apache.org/maven2/org/apache/httpcomponents/core5/httpcore5/5.2.4/httpcore5-5.2.4.jar
Progress (3): 1.6/3.0 MB | 0.9/1.6 MB | 421/578 kBProgress (3): 1.6/3.0 MB | 0.9/1.6 MB | 421/578 kBProgress (4): 1.6/3.0 MB | 0.9/1.6 MB | 421/578 kB | 7.7/862 kBProgress (4): 1.6/3.0 MB | 0.9/1.6 MB | 421/578 kB | 7.7/862 kBProgress (4): 1.7/3.0 MB | 0.9/1.6 MB | 421/578 kB | 7.7/862 kBProgress (4): 1.7/3.0 MB | 0.9/1.6 MB | 421/578 kB | 7.7/862 kBProgress (4): 1.7/3.0 MB | 0.9/1.6 MB | 421/578 kB | 7.7/862 kBProgress (4): 1.7/3.0 MB | 0.9/1.6 MB | 421/578 kB | 7.7/862 kBProgress (4): 1.7/3.0 MB | 0.9/1.6 MB | 421/578 kB | 7.7/862 kBProgress (4): 1.7/3.0 MB | 0.9/1.6 MB | 421/578 kB | 7.7/862 kBProgress (4): 1.7/3.0 MB | 0.9/1.6 MB | 421/578 kB | 7.7/862 kBProgress (4): 1.7/3.0 MB | 1.0/1.6 MB | 421/578 kB | 7.7/862 kBProgress (4): 1.7/3.0 MB | 1.0/1.6 MB | 421/578 kB | 7.7/862 kBProgress (4): 1.7/3.0 MB | 1.0/1.6 MB | 421/578 kB | 7.7/862 kBProgress (4): 1.7/3.0 MB | 1.0/1.6 MB | 421/578 kB | 7.7/862 kBProgress (4): 1.7/3.0 MB | 1.0/1.6 MB | 421/578 kB | 7.7/862 kBProgress (4): 1.7/3.0 MB | 1.0/1.6 MB | 421/578 kB | 7.7/862 kBProgress (4): 1.7/3.0 MB | 1.0/1.6 MB | 421/578 kB | 7.7/862 kBProgress (4): 1.7/3.0 MB | 1.0/1.6 MB | 421/578 kB | 7.7/862 kBProgress (4): 1.7/3.0 MB | 1.0/1.6 MB | 421/578 kB | 7.7/862 kBProgress (4): 1.7/3.0 MB | 1.0/1.6 MB | 421/578 kB | 7.7/862 kBProgress (4): 1.7/3.0 MB | 1.0/1.6 MB | 421/578 kB | 7.7/862 kBProgress (4): 1.7/3.0 MB | 1.0/1.6 MB | 421/578 kB | 7.7/862 kBProgress (4): 1.7/3.0 MB | 1.1/1.6 MB | 421/578 kB | 7.7/862 kBProgress (4): 1.7/3.0 MB | 1.1/1.6 MB | 421/578 kB | 7.7/862 kBProgress (4): 1.7/3.0 MB | 1.1/1.6 MB | 421/578 kB | 7.7/862 kBProgress (4): 1.7/3.0 MB | 1.1/1.6 MB | 421/578 kB | 16/862 kB Progress (4): 1.7/3.0 MB | 1.1/1.6 MB | 421/578 kB | 24/862 kBProgress (4): 1.7/3.0 MB | 1.1/1.6 MB | 421/578 kB | 32/862 kBProgress (4): 1.7/3.0 MB | 1.1/1.6 MB | 421/578 kB | 40/862 kBProgress (4): 1.7/3.0 MB | 1.1/1.6 MB | 421/578 kB | 49/862 kBProgress (4): 1.7/3.0 MB | 1.1/1.6 MB | 421/578 kB | 57/862 kBProgress (4): 1.7/3.0 MB | 1.1/1.6 MB | 421/578 kB | 65/862 kBProgress (4): 1.7/3.0 MB | 1.1/1.6 MB | 421/578 kB | 73/862 kBProgress (4): 1.7/3.0 MB | 1.1/1.6 MB | 421/578 kB | 81/862 kBProgress (4): 1.7/3.0 MB | 1.1/1.6 MB | 421/578 kB | 90/862 kBProgress (4): 1.7/3.0 MB | 1.1/1.6 MB | 421/578 kB | 98/862 kBProgress (4): 1.7/3.0 MB | 1.1/1.6 MB | 421/578 kB | 106/862 kBProgress (4): 1.7/3.0 MB | 1.1/1.6 MB | 421/578 kB | 114/862 kBProgress (4): 1.7/3.0 MB | 1.1/1.6 MB | 421/578 kB | 122/862 kBProgress (4): 1.7/3.0 MB | 1.1/1.6 MB | 421/578 kB | 122/862 kBProgress (4): 1.7/3.0 MB | 1.1/1.6 MB | 421/578 kB | 122/862 kBProgress (4): 1.7/3.0 MB | 1.1/1.6 MB | 421/578 kB | 122/862 kBProgress (4): 1.7/3.0 MB | 1.1/1.6 MB | 421/578 kB | 122/862 kBProgress (4): 1.7/3.0 MB | 1.1/1.6 MB | 421/578 kB | 122/862 kBProgress (4): 1.7/3.0 MB | 1.1/1.6 MB | 421/578 kB | 122/862 kBProgress (4): 1.7/3.0 MB | 1.1/1.6 MB | 421/578 kB | 122/862 kBProgress (4): 1.7/3.0 MB | 1.1/1.6 MB | 421/578 kB | 122/862 kBProgress (4): 1.7/3.0 MB | 1.1/1.6 MB | 421/578 kB | 122/862 kBProgress (4): 1.7/3.0 MB | 1.1/1.6 MB | 421/578 kB | 122/862 kBProgress (4): 1.8/3.0 MB | 1.1/1.6 MB | 421/578 kB | 122/862 kBProgress (4): 1.8/3.0 MB | 1.1/1.6 MB | 421/578 kB | 122/862 kBProgress (4): 1.8/3.0 MB | 1.1/1.6 MB | 421/578 kB | 122/862 kBProgress (4): 1.8/3.0 MB | 1.1/1.6 MB | 421/578 kB | 122/862 kBProgress (4): 1.8/3.0 MB | 1.1/1.6 MB | 421/578 kB | 122/862 kBProgress (4): 1.8/3.0 MB | 1.1/1.6 MB | 421/578 kB | 122/862 kBProgress (4): 1.8/3.0 MB | 1.1/1.6 MB | 425/578 kB | 122/862 kBProgress (4): 1.8/3.0 MB | 1.1/1.6 MB | 429/578 kB | 122/862 kBProgress (4): 1.8/3.0 MB | 1.1/1.6 MB | 433/578 kB | 122/862 kBProgress (4): 1.8/3.0 MB | 1.1/1.6 MB | 437/578 kB | 122/862 kBProgress (4): 1.8/3.0 MB | 1.1/1.6 MB | 441/578 kB | 122/862 kBProgress (4): 1.8/3.0 MB | 1.1/1.6 MB | 446/578 kB | 122/862 kBProgress (4): 1.8/3.0 MB | 1.1/1.6 MB | 450/578 kB | 122/862 kBProgress (4): 1.8/3.0 MB | 1.1/1.6 MB | 454/578 kB | 122/862 kBProgress (4): 1.8/3.0 MB | 1.1/1.6 MB | 458/578 kB | 122/862 kBProgress (4): 1.8/3.0 MB | 1.1/1.6 MB | 462/578 kB | 122/862 kBProgress (4): 1.8/3.0 MB | 1.1/1.6 MB | 466/578 kB | 122/862 kBProgress (4): 1.8/3.0 MB | 1.1/1.6 MB | 470/578 kB | 122/862 kBProgress (4): 1.8/3.0 MB | 1.1/1.6 MB | 474/578 kB | 122/862 kBProgress (4): 1.8/3.0 MB | 1.1/1.6 MB | 478/578 kB | 122/862 kBProgress (4): 1.8/3.0 MB | 1.1/1.6 MB | 482/578 kB | 122/862 kBProgress (4): 1.8/3.0 MB | 1.1/1.6 MB | 487/578 kB | 122/862 kBProgress (4): 1.8/3.0 MB | 1.1/1.6 MB | 491/578 kB | 122/862 kBProgress (4): 1.8/3.0 MB | 1.1/1.6 MB | 495/578 kB | 122/862 kBProgress (4): 1.8/3.0 MB | 1.1/1.6 MB | 499/578 kB | 122/862 kBProgress (4): 1.8/3.0 MB | 1.1/1.6 MB | 499/578 kB | 131/862 kBProgress (4): 1.8/3.0 MB | 1.1/1.6 MB | 499/578 kB | 139/862 kBProgress (4): 1.8/3.0 MB | 1.1/1.6 MB | 499/578 kB | 139/862 kBProgress (4): 1.8/3.0 MB | 1.1/1.6 MB | 499/578 kB | 139/862 kBProgress (4): 1.8/3.0 MB | 1.2/1.6 MB | 499/578 kB | 139/862 kBProgress (4): 1.8/3.0 MB | 1.2/1.6 MB | 499/578 kB | 139/862 kBProgress (4): 1.8/3.0 MB | 1.2/1.6 MB | 499/578 kB | 139/862 kBProgress (4): 1.8/3.0 MB | 1.2/1.6 MB | 499/578 kB | 139/862 kBProgress (4): 1.8/3.0 MB | 1.2/1.6 MB | 499/578 kB | 147/862 kBProgress (4): 1.8/3.0 MB | 1.2/1.6 MB | 499/578 kB | 155/862 kBProgress (4): 1.8/3.0 MB | 1.2/1.6 MB | 503/578 kB | 155/862 kBProgress (4): 1.8/3.0 MB | 1.2/1.6 MB | 507/578 kB | 155/862 kBProgress (4): 1.9/3.0 MB | 1.2/1.6 MB | 507/578 kB | 155/862 kBProgress (4): 1.9/3.0 MB | 1.2/1.6 MB | 507/578 kB | 163/862 kBProgress (4): 1.9/3.0 MB | 1.2/1.6 MB | 507/578 kB | 172/862 kBProgress (4): 1.9/3.0 MB | 1.2/1.6 MB | 507/578 kB | 180/862 kBProgress (4): 1.9/3.0 MB | 1.2/1.6 MB | 507/578 kB | 188/862 kBProgress (4): 1.9/3.0 MB | 1.2/1.6 MB | 507/578 kB | 196/862 kBProgress (4): 1.9/3.0 MB | 1.2/1.6 MB | 507/578 kB | 204/862 kBProgress (4): 1.9/3.0 MB | 1.2/1.6 MB | 507/578 kB | 213/862 kBProgress (4): 1.9/3.0 MB | 1.2/1.6 MB | 507/578 kB | 221/862 kBProgress (4): 1.9/3.0 MB | 1.2/1.6 MB | 507/578 kB | 229/862 kBProgress (4): 1.9/3.0 MB | 1.2/1.6 MB | 507/578 kB | 237/862 kBProgress (4): 1.9/3.0 MB | 1.2/1.6 MB | 511/578 kB | 237/862 kBProgress (4): 1.9/3.0 MB | 1.2/1.6 MB | 515/578 kB | 237/862 kBProgress (4): 1.9/3.0 MB | 1.2/1.6 MB | 519/578 kB | 237/862 kBProgress (4): 1.9/3.0 MB | 1.2/1.6 MB | 523/578 kB | 237/862 kBProgress (4): 1.9/3.0 MB | 1.2/1.6 MB | 527/578 kB | 237/862 kBProgress (4): 1.9/3.0 MB | 1.2/1.6 MB | 532/578 kB | 237/862 kBProgress (4): 1.9/3.0 MB | 1.2/1.6 MB | 536/578 kB | 237/862 kBProgress (4): 1.9/3.0 MB | 1.2/1.6 MB | 540/578 kB | 237/862 kBProgress (4): 1.9/3.0 MB | 1.2/1.6 MB | 544/578 kB | 237/862 kBProgress (4): 1.9/3.0 MB | 1.2/1.6 MB | 548/578 kB | 237/862 kBProgress (4): 1.9/3.0 MB | 1.2/1.6 MB | 552/578 kB | 237/862 kBProgress (4): 1.9/3.0 MB | 1.2/1.6 MB | 556/578 kB | 237/862 kBProgress (4): 1.9/3.0 MB | 1.2/1.6 MB | 560/578 kB | 237/862 kBProgress (4): 1.9/3.0 MB | 1.2/1.6 MB | 564/578 kB | 237/862 kBProgress (4): 1.9/3.0 MB | 1.2/1.6 MB | 568/578 kB | 237/862 kBProgress (4): 1.9/3.0 MB | 1.2/1.6 MB | 568/578 kB | 237/862 kBProgress (4): 1.9/3.0 MB | 1.2/1.6 MB | 568/578 kB | 237/862 kBProgress (4): 1.9/3.0 MB | 1.2/1.6 MB | 568/578 kB | 237/862 kBProgress (4): 1.9/3.0 MB | 1.2/1.6 MB | 568/578 kB | 237/862 kBProgress (4): 1.9/3.0 MB | 1.2/1.6 MB | 568/578 kB | 237/862 kBProgress (4): 1.9/3.0 MB | 1.2/1.6 MB | 568/578 kB | 237/862 kBProgress (4): 1.9/3.0 MB | 1.2/1.6 MB | 568/578 kB | 237/862 kBProgress (4): 1.9/3.0 MB | 1.2/1.6 MB | 568/578 kB | 237/862 kBProgress (4): 1.9/3.0 MB | 1.2/1.6 MB | 568/578 kB | 237/862 kBProgress (4): 1.9/3.0 MB | 1.2/1.6 MB | 568/578 kB | 237/862 kBProgress (4): 1.9/3.0 MB | 1.2/1.6 MB | 568/578 kB | 237/862 kBProgress (4): 1.9/3.0 MB | 1.3/1.6 MB | 568/578 kB | 237/862 kBProgress (4): 1.9/3.0 MB | 1.3/1.6 MB | 568/578 kB | 237/862 kBProgress (4): 1.9/3.0 MB | 1.3/1.6 MB | 568/578 kB | 237/862 kBProgress (4): 1.9/3.0 MB | 1.3/1.6 MB | 568/578 kB | 237/862 kBProgress (4): 1.9/3.0 MB | 1.3/1.6 MB | 568/578 kB | 237/862 kBProgress (4): 2.0/3.0 MB | 1.3/1.6 MB | 568/578 kB | 237/862 kBProgress (4): 2.0/3.0 MB | 1.3/1.6 MB | 568/578 kB | 237/862 kBProgress (4): 2.0/3.0 MB | 1.3/1.6 MB | 568/578 kB | 237/862 kBProgress (4): 2.0/3.0 MB | 1.3/1.6 MB | 568/578 kB | 237/862 kBProgress (4): 2.0/3.0 MB | 1.3/1.6 MB | 568/578 kB | 237/862 kBProgress (5): 2.0/3.0 MB | 1.3/1.6 MB | 568/578 kB | 237/862 kB | 7.7/855 kBProgress (5): 2.0/3.0 MB | 1.3/1.6 MB | 568/578 kB | 237/862 kB | 7.7/855 kBProgress (5): 2.0/3.0 MB | 1.3/1.6 MB | 568/578 kB | 237/862 kB | 16/855 kB Progress (5): 2.0/3.0 MB | 1.3/1.6 MB | 573/578 kB | 237/862 kB | 16/855 kBProgress (5): 2.0/3.0 MB | 1.3/1.6 MB | 577/578 kB | 237/862 kB | 16/855 kBProgress (5): 2.0/3.0 MB | 1.3/1.6 MB | 578 kB | 237/862 kB | 16/855 kB    Progress (5): 2.0/3.0 MB | 1.3/1.6 MB | 578 kB | 245/862 kB | 16/855 kBProgress (5): 2.0/3.0 MB | 1.3/1.6 MB | 578 kB | 253/862 kB | 16/855 kBProgress (5): 2.0/3.0 MB | 1.3/1.6 MB | 578 kB | 262/862 kB | 16/855 kBProgress (5): 2.0/3.0 MB | 1.3/1.6 MB | 578 kB | 270/862 kB | 16/855 kBProgress (5): 2.0/3.0 MB | 1.3/1.6 MB | 578 kB | 278/862 kB | 16/855 kBProgress (5): 2.0/3.0 MB | 1.3/1.6 MB | 578 kB | 286/862 kB | 16/855 kBProgress (5): 2.0/3.0 MB | 1.3/1.6 MB | 578 kB | 286/862 kB | 16/855 kBProgress (5): 2.0/3.0 MB | 1.3/1.6 MB | 578 kB | 286/862 kB | 16/855 kBProgress (5): 2.0/3.0 MB | 1.3/1.6 MB | 578 kB | 286/862 kB | 16/855 kBProgress (5): 2.0/3.0 MB | 1.3/1.6 MB | 578 kB | 286/862 kB | 16/855 kBProgress (5): 2.0/3.0 MB | 1.3/1.6 MB | 578 kB | 286/862 kB | 16/855 kBProgress (5): 2.0/3.0 MB | 1.3/1.6 MB | 578 kB | 286/862 kB | 16/855 kBProgress (5): 2.0/3.0 MB | 1.3/1.6 MB | 578 kB | 286/862 kB | 16/855 kBProgress (5): 2.0/3.0 MB | 1.3/1.6 MB | 578 kB | 286/862 kB | 16/855 kBProgress (5): 2.0/3.0 MB | 1.3/1.6 MB | 578 kB | 286/862 kB | 16/855 kBProgress (5): 2.0/3.0 MB | 1.3/1.6 MB | 578 kB | 286/862 kB | 16/855 kBProgress (5): 2.1/3.0 MB | 1.3/1.6 MB | 578 kB | 286/862 kB | 16/855 kBProgress (5): 2.1/3.0 MB | 1.3/1.6 MB | 578 kB | 286/862 kB | 24/855 kBProgress (5): 2.1/3.0 MB | 1.3/1.6 MB | 578 kB | 294/862 kB | 24/855 kBProgress (5): 2.1/3.0 MB | 1.3/1.6 MB | 578 kB | 303/862 kB | 24/855 kBProgress (5): 2.1/3.0 MB | 1.3/1.6 MB | 578 kB | 311/862 kB | 24/855 kBProgress (5): 2.1/3.0 MB | 1.3/1.6 MB | 578 kB | 319/862 kB | 24/855 kBProgress (5): 2.1/3.0 MB | 1.3/1.6 MB | 578 kB | 327/862 kB | 24/855 kBProgress (5): 2.1/3.0 MB | 1.3/1.6 MB | 578 kB | 335/862 kB | 24/855 kBProgress (5): 2.1/3.0 MB | 1.3/1.6 MB | 578 kB | 335/862 kB | 32/855 kBProgress (5): 2.1/3.0 MB | 1.3/1.6 MB | 578 kB | 335/862 kB | 32/855 kBProgress (5): 2.1/3.0 MB | 1.4/1.6 MB | 578 kB | 335/862 kB | 32/855 kBProgress (5): 2.1/3.0 MB | 1.4/1.6 MB | 578 kB | 335/862 kB | 32/855 kBProgress (5): 2.1/3.0 MB | 1.4/1.6 MB | 578 kB | 335/862 kB | 40/855 kBProgress (5): 2.1/3.0 MB | 1.4/1.6 MB | 578 kB | 335/862 kB | 49/855 kBProgress (5): 2.1/3.0 MB | 1.4/1.6 MB | 578 kB | 335/862 kB | 57/855 kBProgress (5): 2.1/3.0 MB | 1.4/1.6 MB | 578 kB | 335/862 kB | 57/855 kBProgress (5): 2.1/3.0 MB | 1.4/1.6 MB | 578 kB | 335/862 kB | 57/855 kBProgress (5): 2.1/3.0 MB | 1.4/1.6 MB | 578 kB | 344/862 kB | 57/855 kBProgress (5): 2.1/3.0 MB | 1.4/1.6 MB | 578 kB | 352/862 kB | 57/855 kBProgress (5): 2.1/3.0 MB | 1.4/1.6 MB | 578 kB | 352/862 kB | 65/855 kBProgress (5): 2.1/3.0 MB | 1.4/1.6 MB | 578 kB | 352/862 kB | 73/855 kBProgress (5): 2.1/3.0 MB | 1.4/1.6 MB | 578 kB | 352/862 kB | 81/855 kBProgress (5): 2.1/3.0 MB | 1.4/1.6 MB | 578 kB | 352/862 kB | 90/855 kBProgress (5): 2.1/3.0 MB | 1.4/1.6 MB | 578 kB | 352/862 kB | 98/855 kBProgress (5): 2.1/3.0 MB | 1.4/1.6 MB | 578 kB | 352/862 kB | 106/855 kBProgress (5): 2.1/3.0 MB | 1.4/1.6 MB | 578 kB | 352/862 kB | 114/855 kBProgress (5): 2.1/3.0 MB | 1.4/1.6 MB | 578 kB | 352/862 kB | 122/855 kBProgress (5): 2.1/3.0 MB | 1.4/1.6 MB | 578 kB | 352/862 kB | 131/855 kBProgress (5): 2.1/3.0 MB | 1.4/1.6 MB | 578 kB | 352/862 kB | 131/855 kBProgress (5): 2.1/3.0 MB | 1.4/1.6 MB | 578 kB | 352/862 kB | 131/855 kBProgress (5): 2.1/3.0 MB | 1.4/1.6 MB | 578 kB | 352/862 kB | 131/855 kBProgress (5): 2.1/3.0 MB | 1.4/1.6 MB | 578 kB | 352/862 kB | 131/855 kBProgress (5): 2.1/3.0 MB | 1.4/1.6 MB | 578 kB | 352/862 kB | 131/855 kBProgress (5): 2.1/3.0 MB | 1.4/1.6 MB | 578 kB | 352/862 kB | 131/855 kBProgress (5): 2.1/3.0 MB | 1.4/1.6 MB | 578 kB | 352/862 kB | 131/855 kBProgress (5): 2.1/3.0 MB | 1.4/1.6 MB | 578 kB | 352/862 kB | 131/855 kBProgress (5): 2.1/3.0 MB | 1.4/1.6 MB | 578 kB | 352/862 kB | 131/855 kBProgress (5): 2.1/3.0 MB | 1.4/1.6 MB | 578 kB | 352/862 kB | 131/855 kBProgress (5): 2.1/3.0 MB | 1.5/1.6 MB | 578 kB | 352/862 kB | 131/855 kBProgress (5): 2.1/3.0 MB | 1.5/1.6 MB | 578 kB | 352/862 kB | 131/855 kBProgress (5): 2.1/3.0 MB | 1.5/1.6 MB | 578 kB | 352/862 kB | 131/855 kBProgress (5): 2.1/3.0 MB | 1.5/1.6 MB | 578 kB | 352/862 kB | 131/855 kBProgress (5): 2.1/3.0 MB | 1.5/1.6 MB | 578 kB | 352/862 kB | 131/855 kBProgress (5): 2.1/3.0 MB | 1.5/1.6 MB | 578 kB | 360/862 kB | 131/855 kBProgress (5): 2.1/3.0 MB | 1.5/1.6 MB | 578 kB | 367/862 kB | 131/855 kBProgress (5): 2.1/3.0 MB | 1.5/1.6 MB | 578 kB | 372/862 kB | 131/855 kBProgress (5): 2.1/3.0 MB | 1.5/1.6 MB | 578 kB | 372/862 kB | 131/855 kBProgress (5): 2.1/3.0 MB | 1.5/1.6 MB | 578 kB | 372/862 kB | 131/855 kBProgress (5): 2.1/3.0 MB | 1.5/1.6 MB | 578 kB | 372/862 kB | 131/855 kBProgress (5): 2.1/3.0 MB | 1.5/1.6 MB | 578 kB | 372/862 kB | 131/855 kBProgress (5): 2.2/3.0 MB | 1.5/1.6 MB | 578 kB | 372/862 kB | 131/855 kBProgress (5): 2.2/3.0 MB | 1.5/1.6 MB | 578 kB | 372/862 kB | 131/855 kBProgress (5): 2.2/3.0 MB | 1.5/1.6 MB | 578 kB | 372/862 kB | 131/855 kBProgress (5): 2.2/3.0 MB | 1.5/1.6 MB | 578 kB | 372/862 kB | 131/855 kBProgress (5): 2.2/3.0 MB | 1.5/1.6 MB | 578 kB | 372/862 kB | 131/855 kBProgress (5): 2.2/3.0 MB | 1.5/1.6 MB | 578 kB | 372/862 kB | 131/855 kBProgress (5): 2.2/3.0 MB | 1.5/1.6 MB | 578 kB | 372/862 kB | 131/855 kBProgress (5): 2.3/3.0 MB | 1.5/1.6 MB | 578 kB | 372/862 kB | 131/855 kBProgress (5): 2.3/3.0 MB | 1.5/1.6 MB | 578 kB | 372/862 kB | 131/855 kBProgress (5): 2.3/3.0 MB | 1.5/1.6 MB | 578 kB | 372/862 kB | 131/855 kBProgress (5): 2.3/3.0 MB | 1.5/1.6 MB | 578 kB | 372/862 kB | 131/855 kBProgress (5): 2.3/3.0 MB | 1.5/1.6 MB | 578 kB | 380/862 kB | 131/855 kBProgress (5): 2.3/3.0 MB | 1.5/1.6 MB | 578 kB | 388/862 kB | 131/855 kBProgress (5): 2.3/3.0 MB | 1.5/1.6 MB | 578 kB | 396/862 kB | 131/855 kBProgress (5): 2.3/3.0 MB | 1.5/1.6 MB | 578 kB | 405/862 kB | 131/855 kBProgress (5): 2.3/3.0 MB | 1.5/1.6 MB | 578 kB | 413/862 kB | 131/855 kBProgress (5): 2.3/3.0 MB | 1.5/1.6 MB | 578 kB | 421/862 kB | 131/855 kBProgress (5): 2.3/3.0 MB | 1.5/1.6 MB | 578 kB | 429/862 kB | 131/855 kBProgress (5): 2.3/3.0 MB | 1.5/1.6 MB | 578 kB | 437/862 kB | 131/855 kBProgress (5): 2.3/3.0 MB | 1.5/1.6 MB | 578 kB | 446/862 kB | 131/855 kBProgress (5): 2.3/3.0 MB | 1.5/1.6 MB | 578 kB | 454/862 kB | 131/855 kBProgress (5): 2.3/3.0 MB | 1.5/1.6 MB | 578 kB | 462/862 kB | 131/855 kBProgress (5): 2.3/3.0 MB | 1.5/1.6 MB | 578 kB | 462/862 kB | 131/855 kBProgress (5): 2.3/3.0 MB | 1.5/1.6 MB | 578 kB | 462/862 kB | 139/855 kBProgress (5): 2.3/3.0 MB | 1.5/1.6 MB | 578 kB | 462/862 kB | 147/855 kBProgress (5): 2.3/3.0 MB | 1.5/1.6 MB | 578 kB | 462/862 kB | 155/855 kBProgress (5): 2.3/3.0 MB | 1.5/1.6 MB | 578 kB | 462/862 kB | 155/855 kBProgress (5): 2.3/3.0 MB | 1.5/1.6 MB | 578 kB | 462/862 kB | 163/855 kB                                                                        Downloaded from central: https://repo.maven.apache.org/maven2/com/fasterxml/jackson/core/jackson-core/2.16.1/jackson-core-2.16.1.jar (578 kB at 1.8 MB/s)
Downloading from central: https://repo.maven.apache.org/maven2/org/apache/httpcomponents/core5/httpcore5-h2/5.2.4/httpcore5-h2-5.2.4.jar
Progress (4): 2.3/3.0 MB | 1.5/1.6 MB | 462/862 kB | 172/855 kBProgress (4): 2.3/3.0 MB | 1.5/1.6 MB | 462/862 kB | 180/855 kBProgress (4): 2.3/3.0 MB | 1.5/1.6 MB | 462/862 kB | 188/855 kBProgress (4): 2.3/3.0 MB | 1.5/1.6 MB | 462/862 kB | 196/855 kBProgress (4): 2.3/3.0 MB | 1.5/1.6 MB | 462/862 kB | 204/855 kBProgress (4): 2.3/3.0 MB | 1.5/1.6 MB | 462/862 kB | 213/855 kBProgress (4): 2.3/3.0 MB | 1.5/1.6 MB | 462/862 kB | 221/855 kBProgress (4): 2.3/3.0 MB | 1.5/1.6 MB | 462/862 kB | 221/855 kBProgress (4): 2.4/3.0 MB | 1.5/1.6 MB | 462/862 kB | 221/855 kBProgress (4): 2.4/3.0 MB | 1.5/1.6 MB | 462/862 kB | 221/855 kBProgress (4): 2.4/3.0 MB | 1.5/1.6 MB | 462/862 kB | 221/855 kBProgress (4): 2.4/3.0 MB | 1.5/1.6 MB | 462/862 kB | 221/855 kBProgress (4): 2.4/3.0 MB | 1.5/1.6 MB | 462/862 kB | 221/855 kBProgress (4): 2.4/3.0 MB | 1.5/1.6 MB | 462/862 kB | 221/855 kBProgress (4): 2.4/3.0 MB | 1.5/1.6 MB | 462/862 kB | 221/855 kBProgress (4): 2.4/3.0 MB | 1.6/1.6 MB | 462/862 kB | 221/855 kBProgress (4): 2.4/3.0 MB | 1.6/1.6 MB | 462/862 kB | 221/855 kBProgress (4): 2.4/3.0 MB | 1.6/1.6 MB | 462/862 kB | 221/855 kBProgress (4): 2.4/3.0 MB | 1.6/1.6 MB | 462/862 kB | 221/855 kBProgress (4): 2.4/3.0 MB | 1.6/1.6 MB | 462/862 kB | 221/855 kBProgress (4): 2.4/3.0 MB | 1.6/1.6 MB | 462/862 kB | 221/855 kBProgress (4): 2.4/3.0 MB | 1.6/1.6 MB | 462/862 kB | 221/855 kBProgress (4): 2.4/3.0 MB | 1.6/1.6 MB | 462/862 kB | 221/855 kBProgress (4): 2.4/3.0 MB | 1.6/1.6 MB | 462/862 kB | 221/855 kBProgress (4): 2.4/3.0 MB | 1.6/1.6 MB | 462/862 kB | 221/855 kBProgress (4): 2.4/3.0 MB | 1.6/1.6 MB | 462/862 kB | 221/855 kBProgress (4): 2.5/3.0 MB | 1.6/1.6 MB | 462/862 kB | 221/855 kBProgress (4): 2.5/3.0 MB | 1.6/1.6 MB | 470/862 kB | 221/855 kBProgress (4): 2.5/3.0 MB | 1.6/1.6 MB | 478/862 kB | 221/855 kBProgress (4): 2.5/3.0 MB | 1.6/1.6 MB | 487/862 kB | 221/855 kBProgress (4): 2.5/3.0 MB | 1.6/1.6 MB | 495/862 kB | 221/855 kBProgress (4): 2.5/3.0 MB | 1.6/1.6 MB | 503/862 kB | 221/855 kBProgress (4): 2.5/3.0 MB | 1.6/1.6 MB | 511/862 kB | 221/855 kBProgress (4): 2.5/3.0 MB | 1.6/1.6 MB | 519/862 kB | 221/855 kBProgress (4): 2.5/3.0 MB | 1.6/1.6 MB | 527/862 kB | 221/855 kBProgress (4): 2.5/3.0 MB | 1.6/1.6 MB | 536/862 kB | 221/855 kBProgress (4): 2.5/3.0 MB | 1.6/1.6 MB | 544/862 kB | 221/855 kBProgress (4): 2.5/3.0 MB | 1.6/1.6 MB | 552/862 kB | 221/855 kBProgress (4): 2.5/3.0 MB | 1.6/1.6 MB | 560/862 kB | 221/855 kBProgress (4): 2.5/3.0 MB | 1.6/1.6 MB | 568/862 kB | 221/855 kBProgress (4): 2.5/3.0 MB | 1.6/1.6 MB | 577/862 kB | 221/855 kBProgress (4): 2.5/3.0 MB | 1.6/1.6 MB | 577/862 kB | 229/855 kBProgress (4): 2.5/3.0 MB | 1.6/1.6 MB | 577/862 kB | 237/855 kBProgress (4): 2.5/3.0 MB | 1.6/1.6 MB | 577/862 kB | 245/855 kBProgress (4): 2.5/3.0 MB | 1.6/1.6 MB | 577/862 kB | 253/855 kBProgress (4): 2.5/3.0 MB | 1.6/1.6 MB | 577/862 kB | 262/855 kBProgress (4): 2.5/3.0 MB | 1.6/1.6 MB | 577/862 kB | 270/855 kBProgress (4): 2.5/3.0 MB | 1.6/1.6 MB | 577/862 kB | 278/855 kBProgress (4): 2.5/3.0 MB | 1.6/1.6 MB | 577/862 kB | 286/855 kBProgress (4): 2.5/3.0 MB | 1.6/1.6 MB | 577/862 kB | 294/855 kBProgress (4): 2.5/3.0 MB | 1.6/1.6 MB | 577/862 kB | 303/855 kBProgress (4): 2.5/3.0 MB | 1.6/1.6 MB | 577/862 kB | 311/855 kBProgress (4): 2.5/3.0 MB | 1.6/1.6 MB | 577/862 kB | 319/855 kBProgress (4): 2.5/3.0 MB | 1.6/1.6 MB | 577/862 kB | 327/855 kBProgress (4): 2.5/3.0 MB | 1.6/1.6 MB | 577/862 kB | 335/855 kBProgress (4): 2.5/3.0 MB | 1.6/1.6 MB | 577/862 kB | 344/855 kBProgress (4): 2.5/3.0 MB | 1.6/1.6 MB | 577/862 kB | 344/855 kBProgress (4): 2.5/3.0 MB | 1.6/1.6 MB | 577/862 kB | 344/855 kBProgress (4): 2.5/3.0 MB | 1.6/1.6 MB | 577/862 kB | 344/855 kBProgress (4): 2.5/3.0 MB | 1.6/1.6 MB | 577/862 kB | 344/855 kBProgress (4): 2.5/3.0 MB | 1.6/1.6 MB | 577/862 kB | 344/855 kBProgress (4): 2.6/3.0 MB | 1.6/1.6 MB | 577/862 kB | 344/855 kBProgress (4): 2.6/3.0 MB | 1.6/1.6 MB | 577/862 kB | 344/855 kBProgress (4): 2.6/3.0 MB | 1.6/1.6 MB | 577/862 kB | 344/855 kBProgress (4): 2.6/3.0 MB | 1.6/1.6 MB | 577/862 kB | 344/855 kBProgress (4): 2.6/3.0 MB | 1.6/1.6 MB | 577/862 kB | 344/855 kBProgress (4): 2.6/3.0 MB | 1.6/1.6 MB | 577/862 kB | 344/855 kBProgress (4): 2.6/3.0 MB | 1.6/1.6 MB | 577/862 kB | 344/855 kBProgress (4): 2.6/3.0 MB | 1.6/1.6 MB | 577/862 kB | 344/855 kBProgress (4): 2.6/3.0 MB | 1.6 MB | 577/862 kB | 344/855 kB    Progress (4): 2.6/3.0 MB | 1.6 MB | 585/862 kB | 344/855 kBProgress (4): 2.6/3.0 MB | 1.6 MB | 593/862 kB | 344/855 kBProgress (4): 2.6/3.0 MB | 1.6 MB | 601/862 kB | 344/855 kBProgress (4): 2.6/3.0 MB | 1.6 MB | 609/862 kB | 344/855 kBProgress (4): 2.6/3.0 MB | 1.6 MB | 618/862 kB | 344/855 kBProgress (4): 2.6/3.0 MB | 1.6 MB | 618/862 kB | 352/855 kBProgress (4): 2.6/3.0 MB | 1.6 MB | 618/862 kB | 360/855 kBProgress (4): 2.6/3.0 MB | 1.6 MB | 618/862 kB | 368/855 kBProgress (4): 2.6/3.0 MB | 1.6 MB | 618/862 kB | 376/855 kBProgress (4): 2.6/3.0 MB | 1.6 MB | 618/862 kB | 385/855 kBProgress (4): 2.6/3.0 MB | 1.6 MB | 618/862 kB | 393/855 kBProgress (4): 2.6/3.0 MB | 1.6 MB | 618/862 kB | 401/855 kBProgress (4): 2.6/3.0 MB | 1.6 MB | 626/862 kB | 401/855 kBProgress (4): 2.6/3.0 MB | 1.6 MB | 634/862 kB | 401/855 kBProgress (4): 2.6/3.0 MB | 1.6 MB | 642/862 kB | 401/855 kBProgress (4): 2.6/3.0 MB | 1.6 MB | 650/862 kB | 401/855 kBProgress (4): 2.6/3.0 MB | 1.6 MB | 659/862 kB | 401/855 kBProgress (4): 2.6/3.0 MB | 1.6 MB | 667/862 kB | 401/855 kBProgress (4): 2.6/3.0 MB | 1.6 MB | 675/862 kB | 401/855 kBProgress (4): 2.6/3.0 MB | 1.6 MB | 683/862 kB | 401/855 kBProgress (4): 2.6/3.0 MB | 1.6 MB | 683/862 kB | 409/855 kBProgress (4): 2.6/3.0 MB | 1.6 MB | 683/862 kB | 417/855 kBProgress (4): 2.6/3.0 MB | 1.6 MB | 683/862 kB | 426/855 kBProgress (4): 2.6/3.0 MB | 1.6 MB | 683/862 kB | 434/855 kBProgress (4): 2.6/3.0 MB | 1.6 MB | 683/862 kB | 434/855 kBProgress (4): 2.7/3.0 MB | 1.6 MB | 683/862 kB | 434/855 kBProgress (4): 2.7/3.0 MB | 1.6 MB | 683/862 kB | 434/855 kBProgress (4): 2.7/3.0 MB | 1.6 MB | 683/862 kB | 434/855 kBProgress (4): 2.7/3.0 MB | 1.6 MB | 683/862 kB | 434/855 kBProgress (4): 2.7/3.0 MB | 1.6 MB | 683/862 kB | 434/855 kBProgress (4): 2.7/3.0 MB | 1.6 MB | 683/862 kB | 434/855 kBProgress (4): 2.8/3.0 MB | 1.6 MB | 683/862 kB | 434/855 kBProgress (4): 2.8/3.0 MB | 1.6 MB | 691/862 kB | 434/855 kBProgress (4): 2.8/3.0 MB | 1.6 MB | 691/862 kB | 442/855 kBProgress (4): 2.8/3.0 MB | 1.6 MB | 691/862 kB | 450/855 kBProgress (4): 2.8/3.0 MB | 1.6 MB | 691/862 kB | 458/855 kBProgress (4): 2.8/3.0 MB | 1.6 MB | 691/862 kB | 466/855 kBProgress (4): 2.8/3.0 MB | 1.6 MB | 691/862 kB | 475/855 kBProgress (4): 2.8/3.0 MB | 1.6 MB | 691/862 kB | 483/855 kBProgress (4): 2.8/3.0 MB | 1.6 MB | 691/862 kB | 491/855 kBProgress (4): 2.8/3.0 MB | 1.6 MB | 691/862 kB | 499/855 kBProgress (4): 2.8/3.0 MB | 1.6 MB | 691/862 kB | 507/855 kBProgress (4): 2.8/3.0 MB | 1.6 MB | 691/862 kB | 516/855 kBProgress (4): 2.8/3.0 MB | 1.6 MB | 691/862 kB | 524/855 kBProgress (4): 2.8/3.0 MB | 1.6 MB | 691/862 kB | 532/855 kBProgress (4): 2.8/3.0 MB | 1.6 MB | 700/862 kB | 532/855 kBProgress (4): 2.8/3.0 MB | 1.6 MB | 708/862 kB | 532/855 kBProgress (4): 2.8/3.0 MB | 1.6 MB | 716/862 kB | 532/855 kBProgress (4): 2.8/3.0 MB | 1.6 MB | 724/862 kB | 532/855 kBProgress (4): 2.8/3.0 MB | 1.6 MB | 732/862 kB | 532/855 kBProgress (4): 2.8/3.0 MB | 1.6 MB | 740/862 kB | 532/855 kBProgress (4): 2.8/3.0 MB | 1.6 MB | 749/862 kB | 532/855 kBProgress (4): 2.8/3.0 MB | 1.6 MB | 757/862 kB | 532/855 kBProgress (4): 2.8/3.0 MB | 1.6 MB | 765/862 kB | 532/855 kBProgress (4): 2.8/3.0 MB | 1.6 MB | 773/862 kB | 532/855 kBProgress (4): 2.8/3.0 MB | 1.6 MB | 781/862 kB | 532/855 kBProgress (4): 2.8/3.0 MB | 1.6 MB | 781/862 kB | 532/855 kBProgress (4): 2.8/3.0 MB | 1.6 MB | 781/862 kB | 532/855 kBProgress (4): 2.8/3.0 MB | 1.6 MB | 781/862 kB | 532/855 kBProgress (4): 2.8/3.0 MB | 1.6 MB | 781/862 kB | 532/855 kBProgress (4): 2.8/3.0 MB | 1.6 MB | 781/862 kB | 532/855 kBProgress (4): 2.9/3.0 MB | 1.6 MB | 781/862 kB | 532/855 kBProgress (4): 2.9/3.0 MB | 1.6 MB | 781/862 kB | 532/855 kBProgress (4): 2.9/3.0 MB | 1.6 MB | 781/862 kB | 532/855 kBProgress (5): 2.9/3.0 MB | 1.6 MB | 781/862 kB | 532/855 kB | 4.1/237 kBProgress (5): 2.9/3.0 MB | 1.6 MB | 781/862 kB | 532/855 kB | 7.7/237 kBProgress (5): 2.9/3.0 MB | 1.6 MB | 781/862 kB | 532/855 kB | 12/237 kB Progress (5): 2.9/3.0 MB | 1.6 MB | 781/862 kB | 532/855 kB | 16/237 kBProgress (5): 2.9/3.0 MB | 1.6 MB | 781/862 kB | 532/855 kB | 20/237 kBProgress (5): 2.9/3.0 MB | 1.6 MB | 781/862 kB | 532/855 kB | 24/237 kBProgress (5): 2.9/3.0 MB | 1.6 MB | 781/862 kB | 540/855 kB | 24/237 kBProgress (5): 2.9/3.0 MB | 1.6 MB | 781/862 kB | 548/855 kB | 24/237 kBProgress (5): 2.9/3.0 MB | 1.6 MB | 781/862 kB | 557/855 kB | 24/237 kBProgress (5): 2.9/3.0 MB | 1.6 MB | 781/862 kB | 565/855 kB | 24/237 kBProgress (5): 2.9/3.0 MB | 1.6 MB | 781/862 kB | 573/855 kB | 24/237 kBProgress (5): 2.9/3.0 MB | 1.6 MB | 781/862 kB | 578/855 kB | 24/237 kBProgress (5): 2.9/3.0 MB | 1.6 MB | 781/862 kB | 586/855 kB | 24/237 kBProgress (5): 2.9/3.0 MB | 1.6 MB | 781/862 kB | 594/855 kB | 24/237 kBProgress (5): 2.9/3.0 MB | 1.6 MB | 781/862 kB | 602/855 kB | 24/237 kBProgress (5): 2.9/3.0 MB | 1.6 MB | 781/862 kB | 610/855 kB | 24/237 kBProgress (5): 2.9/3.0 MB | 1.6 MB | 781/862 kB | 618/855 kB | 24/237 kBProgress (5): 2.9/3.0 MB | 1.6 MB | 781/862 kB | 627/855 kB | 24/237 kBProgress (5): 2.9/3.0 MB | 1.6 MB | 781/862 kB | 627/855 kB | 28/237 kBProgress (5): 2.9/3.0 MB | 1.6 MB | 781/862 kB | 627/855 kB | 32/237 kBProgress (5): 2.9/3.0 MB | 1.6 MB | 781/862 kB | 627/855 kB | 36/237 kBProgress (5): 2.9/3.0 MB | 1.6 MB | 781/862 kB | 627/855 kB | 40/237 kBProgress (5): 2.9/3.0 MB | 1.6 MB | 781/862 kB | 627/855 kB | 45/237 kBProgress (5): 2.9/3.0 MB | 1.6 MB | 781/862 kB | 627/855 kB | 49/237 kBProgress (5): 2.9/3.0 MB | 1.6 MB | 781/862 kB | 627/855 kB | 53/237 kBProgress (5): 2.9/3.0 MB | 1.6 MB | 781/862 kB | 627/855 kB | 57/237 kBProgress (5): 2.9/3.0 MB | 1.6 MB | 790/862 kB | 627/855 kB | 57/237 kBProgress (5): 2.9/3.0 MB | 1.6 MB | 798/862 kB | 627/855 kB | 57/237 kBProgress (5): 2.9/3.0 MB | 1.6 MB | 806/862 kB | 627/855 kB | 57/237 kBProgress (5): 2.9/3.0 MB | 1.6 MB | 814/862 kB | 627/855 kB | 57/237 kBProgress (5): 2.9/3.0 MB | 1.6 MB | 822/862 kB | 627/855 kB | 57/237 kBProgress (5): 2.9/3.0 MB | 1.6 MB | 831/862 kB | 627/855 kB | 57/237 kBProgress (5): 2.9/3.0 MB | 1.6 MB | 839/862 kB | 627/855 kB | 57/237 kBProgress (5): 2.9/3.0 MB | 1.6 MB | 847/862 kB | 627/855 kB | 57/237 kBProgress (5): 2.9/3.0 MB | 1.6 MB | 855/862 kB | 627/855 kB | 57/237 kBProgress (5): 2.9/3.0 MB | 1.6 MB | 862 kB | 627/855 kB | 57/237 kB    Progress (5): 2.9/3.0 MB | 1.6 MB | 862 kB | 627/855 kB | 57/237 kBProgress (5): 2.9/3.0 MB | 1.6 MB | 862 kB | 627/855 kB | 57/237 kBProgress (5): 2.9/3.0 MB | 1.6 MB | 862 kB | 627/855 kB | 57/237 kBProgress (5): 3.0/3.0 MB | 1.6 MB | 862 kB | 627/855 kB | 57/237 kBProgress (5): 3.0/3.0 MB | 1.6 MB | 862 kB | 627/855 kB | 61/237 kBProgress (5): 3.0/3.0 MB | 1.6 MB | 862 kB | 627/855 kB | 65/237 kBProgress (5): 3.0/3.0 MB | 1.6 MB | 862 kB | 627/855 kB | 69/237 kBProgress (5): 3.0/3.0 MB | 1.6 MB | 862 kB | 627/855 kB | 73/237 kBProgress (5): 3.0/3.0 MB | 1.6 MB | 862 kB | 627/855 kB | 77/237 kBProgress (5): 3.0/3.0 MB | 1.6 MB | 862 kB | 627/855 kB | 81/237 kBProgress (5): 3.0/3.0 MB | 1.6 MB | 862 kB | 627/855 kB | 86/237 kBProgress (5): 3.0/3.0 MB | 1.6 MB | 862 kB | 627/855 kB | 90/237 kB                                                                   Downloaded from central: https://repo.maven.apache.org/maven2/com/fasterxml/jackson/core/jackson-databind/2.16.1/jackson-databind-2.16.1.jar (1.6 MB at 4.2 MB/s)
Downloading from central: https://repo.maven.apache.org/maven2/org/slf4j/slf4j-api/1.7.36/slf4j-api-1.7.36.jar
Progress (4): 3.0/3.0 MB | 862 kB | 635/855 kB | 90/237 kBProgress (4): 3.0/3.0 MB | 862 kB | 643/855 kB | 90/237 kBProgress (4): 3.0/3.0 MB | 862 kB | 651/855 kB | 90/237 kBProgress (4): 3.0/3.0 MB | 862 kB | 659/855 kB | 90/237 kBProgress (4): 3.0/3.0 MB | 862 kB | 668/855 kB | 90/237 kBProgress (4): 3.0/3.0 MB | 862 kB | 676/855 kB | 90/237 kBProgress (4): 3.0/3.0 MB | 862 kB | 684/855 kB | 90/237 kBProgress (4): 3.0/3.0 MB | 862 kB | 684/855 kB | 90/237 kBProgress (4): 3.0/3.0 MB | 862 kB | 684/855 kB | 90/237 kBProgress (4): 3.0/3.0 MB | 862 kB | 684/855 kB | 90/237 kBProgress (4): 3.0/3.0 MB | 862 kB | 684/855 kB | 90/237 kBProgress (4): 3.0 MB | 862 kB | 684/855 kB | 90/237 kB    Progress (4): 3.0 MB | 862 kB | 684/855 kB | 94/237 kBProgress (4): 3.0 MB | 862 kB | 684/855 kB | 98/237 kBProgress (4): 3.0 MB | 862 kB | 684/855 kB | 102/237 kBProgress (4): 3.0 MB | 862 kB | 684/855 kB | 106/237 kBProgress (4): 3.0 MB | 862 kB | 684/855 kB | 110/237 kBProgress (4): 3.0 MB | 862 kB | 684/855 kB | 114/237 kBProgress (4): 3.0 MB | 862 kB | 684/855 kB | 118/237 kBProgress (4): 3.0 MB | 862 kB | 684/855 kB | 122/237 kBProgress (4): 3.0 MB | 862 kB | 684/855 kB | 127/237 kBProgress (4): 3.0 MB | 862 kB | 684/855 kB | 131/237 kBProgress (4): 3.0 MB | 862 kB | 684/855 kB | 135/237 kBProgress (4): 3.0 MB | 862 kB | 684/855 kB | 139/237 kBProgress (4): 3.0 MB | 862 kB | 684/855 kB | 143/237 kBProgress (4): 3.0 MB | 862 kB | 684/855 kB | 147/237 kBProgress (4): 3.0 MB | 862 kB | 684/855 kB | 151/237 kBProgress (4): 3.0 MB | 862 kB | 684/855 kB | 155/237 kBProgress (4): 3.0 MB | 862 kB | 684/855 kB | 159/237 kBProgress (4): 3.0 MB | 862 kB | 684/855 kB | 163/237 kBProgress (4): 3.0 MB | 862 kB | 684/855 kB | 167/237 kBProgress (4): 3.0 MB | 862 kB | 684/855 kB | 172/237 kBProgress (4): 3.0 MB | 862 kB | 684/855 kB | 176/237 kBProgress (4): 3.0 MB | 862 kB | 684/855 kB | 180/237 kBProgress (4): 3.0 MB | 862 kB | 684/855 kB | 184/237 kBProgress (4): 3.0 MB | 862 kB | 684/855 kB | 188/237 kBProgress (4): 3.0 MB | 862 kB | 684/855 kB | 192/237 kBProgress (4): 3.0 MB | 862 kB | 684/855 kB | 196/237 kBProgress (4): 3.0 MB | 862 kB | 684/855 kB | 200/237 kBProgress (4): 3.0 MB | 862 kB | 692/855 kB | 200/237 kBProgress (4): 3.0 MB | 862 kB | 700/855 kB | 200/237 kBProgress (4): 3.0 MB | 862 kB | 709/855 kB | 200/237 kBProgress (4): 3.0 MB | 862 kB | 717/855 kB | 200/237 kBProgress (4): 3.0 MB | 862 kB | 725/855 kB | 200/237 kBProgress (4): 3.0 MB | 862 kB | 733/855 kB | 200/237 kBProgress (4): 3.0 MB | 862 kB | 741/855 kB | 200/237 kBProgress (4): 3.0 MB | 862 kB | 750/855 kB | 200/237 kBProgress (4): 3.0 MB | 862 kB | 758/855 kB | 200/237 kBProgress (4): 3.0 MB | 862 kB | 766/855 kB | 200/237 kBProgress (4): 3.0 MB | 862 kB | 774/855 kB | 200/237 kBProgress (4): 3.0 MB | 862 kB | 782/855 kB | 200/237 kBProgress (4): 3.0 MB | 862 kB | 791/855 kB | 200/237 kBProgress (4): 3.0 MB | 862 kB | 799/855 kB | 200/237 kBProgress (5): 3.0 MB | 862 kB | 799/855 kB | 200/237 kB | 4.1/41 kBProgress (5): 3.0 MB | 862 kB | 799/855 kB | 200/237 kB | 7.7/41 kBProgress (5): 3.0 MB | 862 kB | 799/855 kB | 200/237 kB | 11/41 kB Progress (5): 3.0 MB | 862 kB | 799/855 kB | 200/237 kB | 15/41 kBProgress (5): 3.0 MB | 862 kB | 799/855 kB | 200/237 kB | 20/41 kBProgress (5): 3.0 MB | 862 kB | 799/855 kB | 200/237 kB | 24/41 kBProgress (5): 3.0 MB | 862 kB | 799/855 kB | 200/237 kB | 28/41 kBProgress (5): 3.0 MB | 862 kB | 799/855 kB | 200/237 kB | 32/41 kBProgress (5): 3.0 MB | 862 kB | 799/855 kB | 200/237 kB | 36/41 kBProgress (5): 3.0 MB | 862 kB | 799/855 kB | 200/237 kB | 40/41 kBProgress (5): 3.0 MB | 862 kB | 799/855 kB | 200/237 kB | 41 kB   Progress (5): 3.0 MB | 862 kB | 799/855 kB | 204/237 kB | 41 kBProgress (5): 3.0 MB | 862 kB | 799/855 kB | 208/237 kB | 41 kBProgress (5): 3.0 MB | 862 kB | 799/855 kB | 213/237 kB | 41 kBProgress (5): 3.0 MB | 862 kB | 799/855 kB | 217/237 kB | 41 kBProgress (5): 3.0 MB | 862 kB | 799/855 kB | 221/237 kB | 41 kBProgress (5): 3.0 MB | 862 kB | 799/855 kB | 225/237 kB | 41 kBProgress (5): 3.0 MB | 862 kB | 799/855 kB | 229/237 kB | 41 kBProgress (5): 3.0 MB | 862 kB | 799/855 kB | 233/237 kB | 41 kBProgress (5): 3.0 MB | 862 kB | 799/855 kB | 237/237 kB | 41 kBProgress (5): 3.0 MB | 862 kB | 799/855 kB | 237 kB | 41 kB                                                               Downloaded from central: https://repo.maven.apache.org/maven2/org/apache/httpcomponents/client5/httpclient5/5.3.1/httpclient5-5.3.1.jar (862 kB at 2.0 MB/s)
Progress (4): 3.0 MB | 807/855 kB | 237 kB | 41 kBProgress (4): 3.0 MB | 815/855 kB | 237 kB | 41 kBProgress (4): 3.0 MB | 823/855 kB | 237 kB | 41 kBProgress (4): 3.0 MB | 831/855 kB | 237 kB | 41 kBProgress (4): 3.0 MB | 840/855 kB | 237 kB | 41 kBProgress (4): 3.0 MB | 848/855 kB | 237 kB | 41 kBProgress (4): 3.0 MB | 855 kB | 237 kB | 41 kB                                                  Downloaded from central: https://repo.maven.apache.org/maven2/com/google/guava/guava/32.1.0-jre/guava-32.1.0-jre.jar (3.0 MB at 6.9 MB/s)
Downloaded from central: https://repo.maven.apache.org/maven2/org/apache/httpcomponents/core5/httpcore5-h2/5.2.4/httpcore5-h2-5.2.4.jar (237 kB at 519 kB/s)
Downloaded from central: https://repo.maven.apache.org/maven2/org/slf4j/slf4j-api/1.7.36/slf4j-api-1.7.36.jar (41 kB at 89 kB/s)
Downloaded from central: https://repo.maven.apache.org/maven2/org/apache/httpcomponents/core5/httpcore5/5.2.4/httpcore5-5.2.4.jar (855 kB at 1.8 MB/s)
[[1;34mINFO[m] Inspecting build with total of 1 modules
[[1;34mINFO[m] Installing Central Publishing features
Downloading from central: https://repo.maven.apache.org/maven2/org/apache/maven/plugins/maven-enforcer-plugin/1.0-alpha-3/maven-enforcer-plugin-1.0-alpha-3.pom
Progress (1): 4.1 kBProgress (1): 4.6 kB                    Downloaded from central: https://repo.maven.apache.org/maven2/org/apache/maven/plugins/maven-enforcer-plugin/1.0-alpha-3/maven-enforcer-plugin-1.0-alpha-3.pom (4.6 kB at 74 kB/s)
Downloading from central: https://repo.maven.apache.org/maven2/org/apache/maven/plugins/maven-plugins/8/maven-plugins-8.pom
Progress (1): 4.1 kBProgress (1): 6.1 kB                    Downloaded from central: https://repo.maven.apache.org/maven2/org/apache/maven/plugins/maven-plugins/8/maven-plugins-8.pom (6.1 kB at 111 kB/s)
Downloading from central: https://repo.maven.apache.org/maven2/org/apache/maven/maven-parent/5/maven-parent-5.pom
Progress (1): 4.1 kBProgress (1): 8.2 kBProgress (1): 12 kB Progress (1): 15 kB                   Downloaded from central: https://repo.maven.apache.org/maven2/org/apache/maven/maven-parent/5/maven-parent-5.pom (15 kB at 221 kB/s)
Downloading from central: https://repo.maven.apache.org/maven2/org/apache/apache/3/apache-3.pom
Progress (1): 3.4 kB                    Downloaded from central: https://repo.maven.apache.org/maven2/org/apache/apache/3/apache-3.pom (3.4 kB at 56 kB/s)
Downloading from central: https://repo.maven.apache.org/maven2/org/apache/maven/plugins/maven-enforcer-plugin/1.0-alpha-3/maven-enforcer-plugin-1.0-alpha-3.jar
Progress (1): 4.1/32 kBProgress (1): 7.7/32 kBProgress (1): 12/32 kB Progress (1): 16/32 kBProgress (1): 20/32 kBProgress (1): 24/32 kBProgress (1): 28/32 kBProgress (1): 32 kB                      Downloaded from central: https://repo.maven.apache.org/maven2/org/apache/maven/plugins/maven-enforcer-plugin/1.0-alpha-3/maven-enforcer-plugin-1.0-alpha-3.jar (32 kB at 393 kB/s)
Downloading from central: https://repo.maven.apache.org/maven2/org/apache/maven/plugins/maven-compiler-plugin/3.11.0/maven-compiler-plugin-3.11.0.pom
Progress (1): 4.1 kBProgress (1): 8.2 kBProgress (1): 9.8 kB                    Downloaded from central: https://repo.maven.apache.org/maven2/org/apache/maven/plugins/maven-compiler-plugin/3.11.0/maven-compiler-plugin-3.11.0.pom (9.8 kB at 175 kB/s)
Downloading from central: https://repo.maven.apache.org/maven2/org/apache/maven/plugins/maven-plugins/39/maven-plugins-39.pom
Progress (1): 4.1 kBProgress (1): 8.1 kB                    Downloaded from central: https://repo.maven.apache.org/maven2/org/apache/maven/plugins/maven-plugins/39/maven-plugins-39.pom (8.1 kB at 121 kB/s)
Downloading from central: https://repo.maven.apache.org/maven2/org/apache/maven/maven-parent/39/maven-parent-39.pom
Progress (1): 4.1 kBProgress (1): 8.2 kBProgress (1): 12 kB Progress (1): 16 kBProgress (1): 20 kBProgress (1): 25 kBProgress (1): 29 kBProgress (1): 33 kBProgress (1): 37 kBProgress (1): 41 kBProgress (1): 45 kBProgress (1): 48 kB                   Downloaded from central: https://repo.maven.apache.org/maven2/org/apache/maven/maven-parent/39/maven-parent-39.pom (48 kB at 666 kB/s)
Downloading from central: https://repo.maven.apache.org/maven2/org/apache/maven/plugins/maven-compiler-plugin/3.11.0/maven-compiler-plugin-3.11.0.jar
Progress (1): 4.1/66 kBProgress (1): 7.7/66 kBProgress (1): 12/66 kB Progress (1): 16/66 kBProgress (1): 20/66 kBProgress (1): 24/66 kBProgress (1): 28/66 kBProgress (1): 32/66 kBProgress (1): 36/66 kBProgress (1): 40/66 kBProgress (1): 45/66 kBProgress (1): 49/66 kBProgress (1): 53/66 kBProgress (1): 57/66 kBProgress (1): 61/66 kBProgress (1): 65/66 kBProgress (1): 66 kB                      Downloaded from central: https://repo.maven.apache.org/maven2/org/apache/maven/plugins/maven-compiler-plugin/3.11.0/maven-compiler-plugin-3.11.0.jar (66 kB at 995 kB/s)
Downloading from central: https://repo.maven.apache.org/maven2/org/codehaus/mojo/build-helper-maven-plugin/1.5/build-helper-maven-plugin-1.5.pom
Progress (1): 4.1 kBProgress (1): 4.1 kB                    Downloaded from central: https://repo.maven.apache.org/maven2/org/codehaus/mojo/build-helper-maven-plugin/1.5/build-helper-maven-plugin-1.5.pom (4.1 kB at 47 kB/s)
Downloading from central: https://repo.maven.apache.org/maven2/org/codehaus/mojo/mojo-parent/23/mojo-parent-23.pom
Progress (1): 4.1 kBProgress (1): 8.2 kBProgress (1): 12 kB Progress (1): 16 kBProgress (1): 20 kBProgress (1): 23 kB                   Downloaded from central: https://repo.maven.apache.org/maven2/org/codehaus/mojo/mojo-parent/23/mojo-parent-23.pom (23 kB at 298 kB/s)
Downloading from central: https://repo.maven.apache.org/maven2/org/codehaus/mojo/build-helper-maven-plugin/1.5/build-helper-maven-plugin-1.5.jar
Progress (1): 4.1/24 kBProgress (1): 7.7/24 kBProgress (1): 12/24 kB Progress (1): 16/24 kBProgress (1): 20/24 kBProgress (1): 24 kB                      Downloaded from central: https://repo.maven.apache.org/maven2/org/codehaus/mojo/build-helper-maven-plugin/1.5/build-helper-maven-plugin-1.5.jar (24 kB at 357 kB/s)
Downloading from central: https://repo.maven.apache.org/maven2/com/theoryinpractise/clojure-maven-plugin/1.3.6/clojure-maven-plugin-1.3.6.pom
Progress (1): 4.1 kBProgress (1): 8.2 kBProgress (1): 9.0 kB                    Downloaded from central: https://repo.maven.apache.org/maven2/com/theoryinpractise/clojure-maven-plugin/1.3.6/clojure-maven-plugin-1.3.6.pom (9.0 kB at 130 kB/s)
Downloading from central: https://repo.maven.apache.org/maven2/com/theoryinpractise/clojure-maven-plugin/1.3.6/clojure-maven-plugin-1.3.6.jar
Progress (1): 4.1/38 kBProgress (1): 7.7/38 kBProgress (1): 12/38 kB Progress (1): 16/38 kBProgress (1): 20/38 kBProgress (1): 24/38 kBProgress (1): 28/38 kBProgress (1): 32/38 kBProgress (1): 36/38 kBProgress (1): 38 kB                      Downloaded from central: https://repo.maven.apache.org/maven2/com/theoryinpractise/clojure-maven-plugin/1.3.6/clojure-maven-plugin-1.3.6.jar (38 kB at 478 kB/s)
Downloading from central: https://repo.maven.apache.org/maven2/org/apache/maven/plugins/maven-assembly-plugin/2.2/maven-assembly-plugin-2.2.pom
Progress (1): 4.1 kBProgress (1): 8.2 kBProgress (1): 12 kB Progress (1): 16 kBProgress (1): 17 kB                   Downloaded from central: https://repo.maven.apache.org/maven2/org/apache/maven/plugins/maven-assembly-plugin/2.2/maven-assembly-plugin-2.2.pom (17 kB at 233 kB/s)
Downloading from central: https://repo.maven.apache.org/maven2/org/apache/maven/plugins/maven-plugins/18/maven-plugins-18.pom
Progress (1): 4.1 kBProgress (1): 8.2 kBProgress (1): 12 kB Progress (1): 13 kB                   Downloaded from central: https://repo.maven.apache.org/maven2/org/apache/maven/plugins/maven-plugins/18/maven-plugins-18.pom (13 kB at 122 kB/s)
Downloading from central: https://repo.maven.apache.org/maven2/org/apache/maven/maven-parent/16/maven-parent-16.pom
Progress (1): 4.1 kBProgress (1): 8.2 kBProgress (1): 12 kB Progress (1): 16 kBProgress (1): 20 kBProgress (1): 23 kB                   Downloaded from central: https://repo.maven.apache.org/maven2/org/apache/maven/maven-parent/16/maven-parent-16.pom (23 kB at 253 kB/s)
Downloading from central: https://repo.maven.apache.org/maven2/org/apache/apache/7/apache-7.pom
Progress (1): 4.1 kBProgress (1): 8.2 kBProgress (1): 12 kB Progress (1): 14 kB                   Downloaded from central: https://repo.maven.apache.org/maven2/org/apache/apache/7/apache-7.pom (14 kB at 164 kB/s)
Downloading from central: https://repo.maven.apache.org/maven2/org/apache/maven/plugins/maven-assembly-plugin/2.2/maven-assembly-plugin-2.2.jar
Progress (1): 4.1/219 kBProgress (1): 7.7/219 kBProgress (1): 11/219 kB Progress (1): 15/219 kBProgress (1): 20/219 kBProgress (1): 24/219 kBProgress (1): 28/219 kBProgress (1): 32/219 kBProgress (1): 36/219 kBProgress (1): 40/219 kBProgress (1): 44/219 kBProgress (1): 48/219 kBProgress (1): 52/219 kBProgress (1): 56/219 kBProgress (1): 60/219 kBProgress (1): 64/219 kBProgress (1): 68/219 kBProgress (1): 73/219 kBProgress (1): 77/219 kBProgress (1): 81/219 kBProgress (1): 85/219 kBProgress (1): 89/219 kBProgress (1): 93/219 kBProgress (1): 97/219 kBProgress (1): 101/219 kBProgress (1): 105/219 kBProgress (1): 109/219 kBProgress (1): 113/219 kBProgress (1): 118/219 kBProgress (1): 122/219 kBProgress (1): 126/219 kBProgress (1): 130/219 kBProgress (1): 134/219 kBProgress (1): 138/219 kBProgress (1): 142/219 kBProgress (1): 146/219 kBProgress (1): 150/219 kBProgress (1): 154/219 kBProgress (1): 159/219 kBProgress (1): 163/219 kBProgress (1): 167/219 kBProgress (1): 171/219 kBProgress (1): 175/219 kBProgress (1): 179/219 kBProgress (1): 183/219 kBProgress (1): 187/219 kBProgress (1): 191/219 kBProgress (1): 195/219 kBProgress (1): 199/219 kBProgress (1): 204/219 kBProgress (1): 208/219 kBProgress (1): 212/219 kBProgress (1): 216/219 kBProgress (1): 219 kB                        Downloaded from central: https://repo.maven.apache.org/maven2/org/apache/maven/plugins/maven-assembly-plugin/2.2/maven-assembly-plugin-2.2.jar (219 kB at 1.6 MB/s)
Downloading from central: https://repo.maven.apache.org/maven2/org/apache/maven/plugins/maven-gpg-plugin/3.2.7/maven-gpg-plugin-3.2.7.pom
Progress (1): 4.1 kBProgress (1): 8.2 kBProgress (1): 12 kB Progress (1): 12 kB                   Downloaded from central: https://repo.maven.apache.org/maven2/org/apache/maven/plugins/maven-gpg-plugin/3.2.7/maven-gpg-plugin-3.2.7.pom (12 kB at 116 kB/s)
Downloading from central: https://repo.maven.apache.org/maven2/org/apache/maven/plugins/maven-plugins/43/maven-plugins-43.pom
Progress (1): 4.1 kBProgress (1): 7.5 kB                    Downloaded from central: https://repo.maven.apache.org/maven2/org/apache/maven/plugins/maven-plugins/43/maven-plugins-43.pom (7.5 kB at 107 kB/s)
Downloading from central: https://repo.maven.apache.org/maven2/org/apache/maven/maven-parent/43/maven-parent-43.pom
Progress (1): 4.1 kBProgress (1): 8.2 kBProgress (1): 12 kB Progress (1): 16 kBProgress (1): 20 kBProgress (1): 25 kBProgress (1): 29 kBProgress (1): 33 kBProgress (1): 37 kBProgress (1): 41 kBProgress (1): 45 kBProgress (1): 49 kBProgress (1): 50 kB                   Downloaded from central: https://repo.maven.apache.org/maven2/org/apache/maven/maven-parent/43/maven-parent-43.pom (50 kB at 751 kB/s)
Downloading from central: https://repo.maven.apache.org/maven2/org/junit/junit-bom/5.10.3/junit-bom-5.10.3.pom
Progress (1): 4.1 kBProgress (1): 5.6 kB                    Downloaded from central: https://repo.maven.apache.org/maven2/org/junit/junit-bom/5.10.3/junit-bom-5.10.3.pom (5.6 kB at 90 kB/s)
Downloading from central: https://repo.maven.apache.org/maven2/org/apache/maven/plugins/maven-gpg-plugin/3.2.7/maven-gpg-plugin-3.2.7.jar
Progress (1): 3.9/74 kBProgress (1): 8.0/74 kBProgress (1): 12/74 kB Progress (1): 16/74 kBProgress (1): 20/74 kBProgress (1): 24/74 kBProgress (1): 29/74 kBProgress (1): 33/74 kBProgress (1): 37/74 kBProgress (1): 41/74 kBProgress (1): 45/74 kBProgress (1): 49/74 kBProgress (1): 53/74 kBProgress (1): 57/74 kBProgress (1): 61/74 kBProgress (1): 65/74 kBProgress (1): 69/74 kBProgress (1): 74/74 kBProgress (1): 74 kB                      Downloaded from central: https://repo.maven.apache.org/maven2/org/apache/maven/plugins/maven-gpg-plugin/3.2.7/maven-gpg-plugin-3.2.7.jar (74 kB at 653 kB/s)
Downloading from central: https://repo.maven.apache.org/maven2/org/apache/maven/plugins/maven-clean-plugin/2.5/maven-clean-plugin-2.5.pom
Progress (1): 3.9 kB                    Downloaded from central: https://repo.maven.apache.org/maven2/org/apache/maven/plugins/maven-clean-plugin/2.5/maven-clean-plugin-2.5.pom (3.9 kB at 65 kB/s)
Downloading from central: https://repo.maven.apache.org/maven2/org/apache/maven/plugins/maven-plugins/22/maven-plugins-22.pom
Progress (1): 4.1 kBProgress (1): 8.2 kBProgress (1): 12 kB Progress (1): 13 kB                   Downloaded from central: https://repo.maven.apache.org/maven2/org/apache/maven/plugins/maven-plugins/22/maven-plugins-22.pom (13 kB at 229 kB/s)
Downloading from central: https://repo.maven.apache.org/maven2/org/apache/maven/maven-parent/21/maven-parent-21.pom
Progress (1): 4.1 kBProgress (1): 8.2 kBProgress (1): 12 kB Progress (1): 16 kBProgress (1): 20 kBProgress (1): 25 kBProgress (1): 26 kB                   Downloaded from central: https://repo.maven.apache.org/maven2/org/apache/maven/maven-parent/21/maven-parent-21.pom (26 kB at 412 kB/s)
Downloading from central: https://repo.maven.apache.org/maven2/org/apache/apache/10/apache-10.pom
Progress (1): 4.1 kBProgress (1): 8.2 kBProgress (1): 12 kB Progress (1): 15 kB                   Downloaded from central: https://repo.maven.apache.org/maven2/org/apache/apache/10/apache-10.pom (15 kB at 195 kB/s)
Downloading from central: https://repo.maven.apache.org/maven2/org/apache/maven/plugins/maven-clean-plugin/2.5/maven-clean-plugin-2.5.jar
Progress (1): 4.1/25 kBProgress (1): 7.7/25 kBProgress (1): 11/25 kB Progress (1): 15/25 kBProgress (1): 20/25 kBProgress (1): 24/25 kBProgress (1): 25 kB                      Downloaded from central: https://repo.maven.apache.org/maven2/org/apache/maven/plugins/maven-clean-plugin/2.5/maven-clean-plugin-2.5.jar (25 kB at 368 kB/s)
Downloading from central: https://repo.maven.apache.org/maven2/org/apache/maven/plugins/maven-resources-plugin/2.6/maven-resources-plugin-2.6.pom
Progress (1): 4.1 kBProgress (1): 8.1 kB                    Downloaded from central: https://repo.maven.apache.org/maven2/org/apache/maven/plugins/maven-resources-plugin/2.6/maven-resources-plugin-2.6.pom (8.1 kB at 101 kB/s)
Downloading from central: https://repo.maven.apache.org/maven2/org/apache/maven/plugins/maven-plugins/23/maven-plugins-23.pom
Progress (1): 4.1 kBProgress (1): 8.2 kBProgress (1): 9.2 kB                    Downloaded from central: https://repo.maven.apache.org/maven2/org/apache/maven/plugins/maven-plugins/23/maven-plugins-23.pom (9.2 kB at 148 kB/s)
Downloading from central: https://repo.maven.apache.org/maven2/org/apache/maven/maven-parent/22/maven-parent-22.pom
Progress (1): 4.1 kBProgress (1): 8.2 kBProgress (1): 12 kB Progress (1): 16 kBProgress (1): 20 kBProgress (1): 25 kBProgress (1): 29 kBProgress (1): 30 kB                   Downloaded from central: https://repo.maven.apache.org/maven2/org/apache/maven/maven-parent/22/maven-parent-22.pom (30 kB at 342 kB/s)
Downloading from central: https://repo.maven.apache.org/maven2/org/apache/apache/11/apache-11.pom
Progress (1): 4.1 kBProgress (1): 8.2 kBProgress (1): 12 kB Progress (1): 15 kB                   Downloaded from central: https://repo.maven.apache.org/maven2/org/apache/apache/11/apache-11.pom (15 kB at 243 kB/s)
Downloading from central: https://repo.maven.apache.org/maven2/org/apache/maven/plugins/maven-resources-plugin/2.6/maven-resources-plugin-2.6.jar
Progress (1): 4.1/30 kBProgress (1): 7.7/30 kBProgress (1): 12/30 kB Progress (1): 16/30 kBProgress (1): 20/30 kBProgress (1): 24/30 kBProgress (1): 28/30 kBProgress (1): 30 kB                      Downloaded from central: https://repo.maven.apache.org/maven2/org/apache/maven/plugins/maven-resources-plugin/2.6/maven-resources-plugin-2.6.jar (30 kB at 374 kB/s)
Downloading from central: https://repo.maven.apache.org/maven2/org/apache/maven/plugins/maven-jar-plugin/2.4/maven-jar-plugin-2.4.pom
Progress (1): 4.1 kBProgress (1): 5.8 kB                    Downloaded from central: https://repo.maven.apache.org/maven2/org/apache/maven/plugins/maven-jar-plugin/2.4/maven-jar-plugin-2.4.pom (5.8 kB at 101 kB/s)
Downloading from central: https://repo.maven.apache.org/maven2/org/apache/maven/plugins/maven-jar-plugin/2.4/maven-jar-plugin-2.4.jar
Progress (1): 4.1/34 kBProgress (1): 7.7/34 kBProgress (1): 12/34 kB Progress (1): 16/34 kBProgress (1): 20/34 kBProgress (1): 24/34 kBProgress (1): 28/34 kBProgress (1): 32/34 kBProgress (1): 34 kB                      Downloaded from central: https://repo.maven.apache.org/maven2/org/apache/maven/plugins/maven-jar-plugin/2.4/maven-jar-plugin-2.4.jar (34 kB at 454 kB/s)
Downloading from central: https://repo.maven.apache.org/maven2/org/apache/maven/plugins/maven-surefire-plugin/2.12.4/maven-surefire-plugin-2.12.4.pom
Progress (1): 4.1 kBProgress (1): 8.2 kBProgress (1): 10 kB                    Downloaded from central: https://repo.maven.apache.org/maven2/org/apache/maven/plugins/maven-surefire-plugin/2.12.4/maven-surefire-plugin-2.12.4.pom (10 kB at 138 kB/s)
Downloading from central: https://repo.maven.apache.org/maven2/org/apache/maven/surefire/surefire/2.12.4/surefire-2.12.4.pom
Progress (1): 4.1 kBProgress (1): 8.2 kBProgress (1): 12 kB Progress (1): 14 kB                   Downloaded from central: https://repo.maven.apache.org/maven2/org/apache/maven/surefire/surefire/2.12.4/surefire-2.12.4.pom (14 kB at 260 kB/s)
Downloading from central: https://repo.maven.apache.org/maven2/org/apache/maven/plugins/maven-surefire-plugin/2.12.4/maven-surefire-plugin-2.12.4.jar
Progress (1): 4.0/30 kBProgress (1): 8.1/30 kBProgress (1): 12/30 kB Progress (1): 16/30 kBProgress (1): 20/30 kBProgress (1): 24/30 kBProgress (1): 29/30 kBProgress (1): 30 kB                      Downloaded from central: https://repo.maven.apache.org/maven2/org/apache/maven/plugins/maven-surefire-plugin/2.12.4/maven-surefire-plugin-2.12.4.jar (30 kB at 525 kB/s)
Downloading from central: https://repo.maven.apache.org/maven2/org/apache/maven/plugins/maven-install-plugin/2.4/maven-install-plugin-2.4.pom
Progress (1): 4.1 kBProgress (1): 6.4 kB                    Downloaded from central: https://repo.maven.apache.org/maven2/org/apache/maven/plugins/maven-install-plugin/2.4/maven-install-plugin-2.4.pom (6.4 kB at 108 kB/s)
Downloading from central: https://repo.maven.apache.org/maven2/org/apache/maven/plugins/maven-install-plugin/2.4/maven-install-plugin-2.4.jar
Progress (1): 4.1/27 kBProgress (1): 7.7/27 kBProgress (1): 12/27 kB Progress (1): 16/27 kBProgress (1): 20/27 kBProgress (1): 24/27 kBProgress (1): 27 kB                      Downloaded from central: https://repo.maven.apache.org/maven2/org/apache/maven/plugins/maven-install-plugin/2.4/maven-install-plugin-2.4.jar (27 kB at 415 kB/s)
[[1;34mINFO[m] 
[[1;34mINFO[m] [1m--------------------------< [0;36mcom.datomic:peer[0;1m >--------------------------[m
[[1;34mINFO[m] [1mBuilding peer 1.0.7482[m
[[1;34mINFO[m] [1m--------------------------------[ jar ]---------------------------------[m
[[1;34mINFO[m] 
[[1;34mINFO[m] [1m--- [0;32mmaven-install-plugin:2.4:install-file[m [1m(default-cli)[m @ [36mpeer[0;1m ---[m
Downloading from central: https://repo.maven.apache.org/maven2/org/apache/maven/maven-plugin-api/2.0.6/maven-plugin-api-2.0.6.pom
Progress (1): 1.5 kB                    Downloaded from central: https://repo.maven.apache.org/maven2/org/apache/maven/maven-plugin-api/2.0.6/maven-plugin-api-2.0.6.pom (1.5 kB at 23 kB/s)
Downloading from central: https://repo.maven.apache.org/maven2/org/apache/maven/maven/2.0.6/maven-2.0.6.pom
Progress (1): 4.1 kBProgress (1): 8.2 kBProgress (1): 9.0 kB                    Downloaded from central: https://repo.maven.apache.org/maven2/org/apache/maven/maven/2.0.6/maven-2.0.6.pom (9.0 kB at 137 kB/s)
Downloading from central: https://repo.maven.apache.org/maven2/org/apache/maven/maven-project/2.0.6/maven-project-2.0.6.pom
Progress (1): 2.6 kB                    Downloaded from central: https://repo.maven.apache.org/maven2/org/apache/maven/maven-project/2.0.6/maven-project-2.0.6.pom (2.6 kB at 34 kB/s)
Downloading from central: https://repo.maven.apache.org/maven2/org/apache/maven/maven-settings/2.0.6/maven-settings-2.0.6.pom
Progress (1): 2.0 kB                    Downloaded from central: https://repo.maven.apache.org/maven2/org/apache/maven/maven-settings/2.0.6/maven-settings-2.0.6.pom (2.0 kB at 34 kB/s)
Downloading from central: https://repo.maven.apache.org/maven2/org/apache/maven/maven-model/2.0.6/maven-model-2.0.6.pom
Progress (1): 3.0 kB                    Downloaded from central: https://repo.maven.apache.org/maven2/org/apache/maven/maven-model/2.0.6/maven-model-2.0.6.pom (3.0 kB at 45 kB/s)
Downloading from central: https://repo.maven.apache.org/maven2/org/codehaus/plexus/plexus-utils/1.4.1/plexus-utils-1.4.1.pom
Progress (1): 1.9 kB                    Downloaded from central: https://repo.maven.apache.org/maven2/org/codehaus/plexus/plexus-utils/1.4.1/plexus-utils-1.4.1.pom (1.9 kB at 34 kB/s)
Downloading from central: https://repo.maven.apache.org/maven2/org/codehaus/plexus/plexus/1.0.11/plexus-1.0.11.pom
Progress (1): 4.1 kBProgress (1): 8.2 kBProgress (1): 9.0 kB                    Downloaded from central: https://repo.maven.apache.org/maven2/org/codehaus/plexus/plexus/1.0.11/plexus-1.0.11.pom (9.0 kB at 138 kB/s)
Downloading from central: https://repo.maven.apache.org/maven2/org/codehaus/plexus/plexus-container-default/1.0-alpha-9-stable-1/plexus-container-default-1.0-alpha-9-stable-1.pom
Progress (1): 3.9 kB                    Downloaded from central: https://repo.maven.apache.org/maven2/org/codehaus/plexus/plexus-container-default/1.0-alpha-9-stable-1/plexus-container-default-1.0-alpha-9-stable-1.pom (3.9 kB at 40 kB/s)
Downloading from central: https://repo.maven.apache.org/maven2/org/codehaus/plexus/plexus-containers/1.0.3/plexus-containers-1.0.3.pom
Progress (1): 492 B                   Downloaded from central: https://repo.maven.apache.org/maven2/org/codehaus/plexus/plexus-containers/1.0.3/plexus-containers-1.0.3.pom (492 B at 6.9 kB/s)
Downloading from central: https://repo.maven.apache.org/maven2/org/codehaus/plexus/plexus/1.0.4/plexus-1.0.4.pom
Progress (1): 4.1 kBProgress (1): 5.7 kB                    Downloaded from central: https://repo.maven.apache.org/maven2/org/codehaus/plexus/plexus/1.0.4/plexus-1.0.4.pom (5.7 kB at 94 kB/s)
Downloading from central: https://repo.maven.apache.org/maven2/junit/junit/3.8.1/junit-3.8.1.pom
Progress (1): 998 B                   Downloaded from central: https://repo.maven.apache.org/maven2/junit/junit/3.8.1/junit-3.8.1.pom (998 B at 17 kB/s)
Downloading from central: https://repo.maven.apache.org/maven2/org/codehaus/plexus/plexus-utils/1.0.4/plexus-utils-1.0.4.pom
Progress (1): 4.1 kBProgress (1): 6.9 kB                    Downloaded from central: https://repo.maven.apache.org/maven2/org/codehaus/plexus/plexus-utils/1.0.4/plexus-utils-1.0.4.pom (6.9 kB at 134 kB/s)
Downloading from central: https://repo.maven.apache.org/maven2/classworlds/classworlds/1.1-alpha-2/classworlds-1.1-alpha-2.pom
Progress (1): 3.1 kB                    Downloaded from central: https://repo.maven.apache.org/maven2/classworlds/classworlds/1.1-alpha-2/classworlds-1.1-alpha-2.pom (3.1 kB at 33 kB/s)
Downloading from central: https://repo.maven.apache.org/maven2/org/apache/maven/maven-profile/2.0.6/maven-profile-2.0.6.pom
Progress (1): 2.0 kB                    Downloaded from central: https://repo.maven.apache.org/maven2/org/apache/maven/maven-profile/2.0.6/maven-profile-2.0.6.pom (2.0 kB at 15 kB/s)
Downloading from central: https://repo.maven.apache.org/maven2/org/apache/maven/maven-artifact-manager/2.0.6/maven-artifact-manager-2.0.6.pom
Progress (1): 2.6 kB                    Downloaded from central: https://repo.maven.apache.org/maven2/org/apache/maven/maven-artifact-manager/2.0.6/maven-artifact-manager-2.0.6.pom (2.6 kB at 49 kB/s)
Downloading from central: https://repo.maven.apache.org/maven2/org/apache/maven/maven-repository-metadata/2.0.6/maven-repository-metadata-2.0.6.pom
Progress (1): 1.9 kB                    Downloaded from central: https://repo.maven.apache.org/maven2/org/apache/maven/maven-repository-metadata/2.0.6/maven-repository-metadata-2.0.6.pom (1.9 kB at 32 kB/s)
Downloading from central: https://repo.maven.apache.org/maven2/org/apache/maven/maven-artifact/2.0.6/maven-artifact-2.0.6.pom
Progress (1): 1.6 kB                    Downloaded from central: https://repo.maven.apache.org/maven2/org/apache/maven/maven-artifact/2.0.6/maven-artifact-2.0.6.pom (1.6 kB at 20 kB/s)
Downloading from central: https://repo.maven.apache.org/maven2/org/apache/maven/maven-plugin-registry/2.0.6/maven-plugin-registry-2.0.6.pom
Progress (1): 1.9 kB                    Downloaded from central: https://repo.maven.apache.org/maven2/org/apache/maven/maven-plugin-registry/2.0.6/maven-plugin-registry-2.0.6.pom (1.9 kB at 34 kB/s)
Downloading from central: https://repo.maven.apache.org/maven2/org/codehaus/plexus/plexus-utils/3.0.5/plexus-utils-3.0.5.pom
Progress (1): 2.5 kB                    Downloaded from central: https://repo.maven.apache.org/maven2/org/codehaus/plexus/plexus-utils/3.0.5/plexus-utils-3.0.5.pom (2.5 kB at 37 kB/s)
Downloading from central: https://repo.maven.apache.org/maven2/org/codehaus/plexus/plexus/3.1/plexus-3.1.pom
Progress (1): 4.1 kBProgress (1): 8.2 kBProgress (1): 12 kB Progress (1): 16 kBProgress (1): 19 kB                   Downloaded from central: https://repo.maven.apache.org/maven2/org/codehaus/plexus/plexus/3.1/plexus-3.1.pom (19 kB at 278 kB/s)
Downloading from central: https://repo.maven.apache.org/maven2/org/sonatype/spice/spice-parent/17/spice-parent-17.pom
Progress (1): 4.1 kBProgress (1): 6.8 kB                    Downloaded from central: https://repo.maven.apache.org/maven2/org/sonatype/spice/spice-parent/17/spice-parent-17.pom (6.8 kB at 109 kB/s)
Downloading from central: https://repo.maven.apache.org/maven2/org/sonatype/forge/forge-parent/10/forge-parent-10.pom
Progress (1): 4.1 kBProgress (1): 8.2 kBProgress (1): 12 kB Progress (1): 14 kB                   Downloaded from central: https://repo.maven.apache.org/maven2/org/sonatype/forge/forge-parent/10/forge-parent-10.pom (14 kB at 261 kB/s)
Downloading from central: https://repo.maven.apache.org/maven2/org/codehaus/plexus/plexus-digest/1.0/plexus-digest-1.0.pom
Progress (1): 1.1 kB                    Downloaded from central: https://repo.maven.apache.org/maven2/org/codehaus/plexus/plexus-digest/1.0/plexus-digest-1.0.pom (1.1 kB at 17 kB/s)
Downloading from central: https://repo.maven.apache.org/maven2/org/codehaus/plexus/plexus-components/1.1.7/plexus-components-1.1.7.pom
Progress (1): 4.1 kBProgress (1): 5.0 kB                    Downloaded from central: https://repo.maven.apache.org/maven2/org/codehaus/plexus/plexus-components/1.1.7/plexus-components-1.1.7.pom (5.0 kB at 79 kB/s)
Downloading from central: https://repo.maven.apache.org/maven2/org/codehaus/plexus/plexus/1.0.8/plexus-1.0.8.pom
Progress (1): 4.1 kBProgress (1): 7.2 kB                    Downloaded from central: https://repo.maven.apache.org/maven2/org/codehaus/plexus/plexus/1.0.8/plexus-1.0.8.pom (7.2 kB at 134 kB/s)
Downloading from central: https://repo.maven.apache.org/maven2/org/codehaus/plexus/plexus-container-default/1.0-alpha-8/plexus-container-default-1.0-alpha-8.pom
Progress (1): 4.1 kBProgress (1): 7.3 kB                    Downloaded from central: https://repo.maven.apache.org/maven2/org/codehaus/plexus/plexus-container-default/1.0-alpha-8/plexus-container-default-1.0-alpha-8.pom (7.3 kB at 119 kB/s)
Downloading from central: https://repo.maven.apache.org/maven2/org/apache/maven/maven-plugin-api/2.0.6/maven-plugin-api-2.0.6.jar
Downloading from central: https://repo.maven.apache.org/maven2/org/apache/maven/maven-project/2.0.6/maven-project-2.0.6.jar
Downloading from central: https://repo.maven.apache.org/maven2/org/apache/maven/maven-settings/2.0.6/maven-settings-2.0.6.jar
Downloading from central: https://repo.maven.apache.org/maven2/org/apache/maven/maven-profile/2.0.6/maven-profile-2.0.6.jar
Downloading from central: https://repo.maven.apache.org/maven2/org/apache/maven/maven-plugin-registry/2.0.6/maven-plugin-registry-2.0.6.jar
Progress (1): 4.1/49 kBProgress (1): 7.7/49 kBProgress (1): 12/49 kB Progress (1): 16/49 kBProgress (1): 20/49 kBProgress (2): 20/49 kB | 4.1/29 kBProgress (2): 24/49 kB | 4.1/29 kBProgress (2): 24/49 kB | 7.7/29 kBProgress (2): 24/49 kB | 12/29 kB Progress (2): 24/49 kB | 16/29 kBProgress (2): 24/49 kB | 20/29 kBProgress (2): 24/49 kB | 24/29 kBProgress (2): 24/49 kB | 28/29 kBProgress (2): 24/49 kB | 29 kB   Progress (2): 28/49 kB | 29 kBProgress (2): 32/49 kB | 29 kBProgress (2): 36/49 kB | 29 kBProgress (2): 40/49 kB | 29 kBProgress (2): 45/49 kB | 29 kBProgress (2): 49/49 kB | 29 kBProgress (2): 49 kB | 29 kB   Progress (3): 49 kB | 29 kB | 3.9/35 kBProgress (3): 49 kB | 29 kB | 8.0/35 kBProgress (3): 49 kB | 29 kB | 12/35 kB Progress (3): 49 kB | 29 kB | 16/35 kBProgress (3): 49 kB | 29 kB | 20/35 kBProgress (3): 49 kB | 29 kB | 24/35 kBProgress (3): 49 kB | 29 kB | 29/35 kBProgress (3): 49 kB | 29 kB | 33/35 kBProgress (3): 49 kB | 29 kB | 35 kB   Progress (4): 49 kB | 29 kB | 35 kB | 3.9/116 kBProgress (4): 49 kB | 29 kB | 35 kB | 8.0/116 kBProgress (5): 49 kB | 29 kB | 35 kB | 8.0/116 kB | 4.0/13 kBProgress (5): 49 kB | 29 kB | 35 kB | 8.0/116 kB | 8.1/13 kBProgress (5): 49 kB | 29 kB | 35 kB | 8.0/116 kB | 12/13 kB Progress (5): 49 kB | 29 kB | 35 kB | 8.0/116 kB | 13 kB   Progress (5): 49 kB | 29 kB | 35 kB | 12/116 kB | 13 kB Progress (5): 49 kB | 29 kB | 35 kB | 16/116 kB | 13 kBProgress (5): 49 kB | 29 kB | 35 kB | 20/116 kB | 13 kBProgress (5): 49 kB | 29 kB | 35 kB | 24/116 kB | 13 kBProgress (5): 49 kB | 29 kB | 35 kB | 29/116 kB | 13 kBProgress (5): 49 kB | 29 kB | 35 kB | 33/116 kB | 13 kBProgress (5): 49 kB | 29 kB | 35 kB | 37/116 kB | 13 kBProgress (5): 49 kB | 29 kB | 35 kB | 41/116 kB | 13 kBProgress (5): 49 kB | 29 kB | 35 kB | 45/116 kB | 13 kBProgress (5): 49 kB | 29 kB | 35 kB | 49/116 kB | 13 kBProgress (5): 49 kB | 29 kB | 35 kB | 53/116 kB | 13 kBProgress (5): 49 kB | 29 kB | 35 kB | 57/116 kB | 13 kBProgress (5): 49 kB | 29 kB | 35 kB | 61/116 kB | 13 kBProgress (5): 49 kB | 29 kB | 35 kB | 65/116 kB | 13 kBProgress (5): 49 kB | 29 kB | 35 kB | 69/116 kB | 13 kBProgress (5): 49 kB | 29 kB | 35 kB | 74/116 kB | 13 kBProgress (5): 49 kB | 29 kB | 35 kB | 78/116 kB | 13 kBProgress (5): 49 kB | 29 kB | 35 kB | 82/116 kB | 13 kBProgress (5): 49 kB | 29 kB | 35 kB | 86/116 kB | 13 kBProgress (5): 49 kB | 29 kB | 35 kB | 90/116 kB | 13 kBProgress (5): 49 kB | 29 kB | 35 kB | 94/116 kB | 13 kBProgress (5): 49 kB | 29 kB | 35 kB | 98/116 kB | 13 kBProgress (5): 49 kB | 29 kB | 35 kB | 102/116 kB | 13 kBProgress (5): 49 kB | 29 kB | 35 kB | 106/116 kB | 13 kBProgress (5): 49 kB | 29 kB | 35 kB | 110/116 kB | 13 kBProgress (5): 49 kB | 29 kB | 35 kB | 115/116 kB | 13 kBProgress (5): 49 kB | 29 kB | 35 kB | 116 kB | 13 kB                                                        Downloaded from central: https://repo.maven.apache.org/maven2/org/apache/maven/maven-profile/2.0.6/maven-profile-2.0.6.jar (35 kB at 587 kB/s)
Downloading from central: https://repo.maven.apache.org/maven2/org/codehaus/plexus/plexus-container-default/1.0-alpha-9-stable-1/plexus-container-default-1.0-alpha-9-stable-1.jar
Downloaded from central: https://repo.maven.apache.org/maven2/org/apache/maven/maven-settings/2.0.6/maven-settings-2.0.6.jar (49 kB at 779 kB/s)
Downloading from central: https://repo.maven.apache.org/maven2/junit/junit/3.8.1/junit-3.8.1.jar
Downloaded from central: https://repo.maven.apache.org/maven2/org/apache/maven/maven-plugin-registry/2.0.6/maven-plugin-registry-2.0.6.jar (29 kB at 452 kB/s)
Downloading from central: https://repo.maven.apache.org/maven2/classworlds/classworlds/1.1-alpha-2/classworlds-1.1-alpha-2.jar
Downloaded from central: https://repo.maven.apache.org/maven2/org/apache/maven/maven-plugin-api/2.0.6/maven-plugin-api-2.0.6.jar (13 kB at 192 kB/s)
Downloading from central: https://repo.maven.apache.org/maven2/org/apache/maven/maven-model/2.0.6/maven-model-2.0.6.jar
Downloaded from central: https://repo.maven.apache.org/maven2/org/apache/maven/maven-project/2.0.6/maven-project-2.0.6.jar (116 kB at 1.6 MB/s)
Downloading from central: https://repo.maven.apache.org/maven2/org/apache/maven/maven-artifact-manager/2.0.6/maven-artifact-manager-2.0.6.jar
Progress (1): 4.1/38 kBProgress (1): 7.7/38 kBProgress (1): 12/38 kB Progress (1): 16/38 kBProgress (1): 20/38 kBProgress (1): 24/38 kBProgress (1): 28/38 kBProgress (1): 32/38 kBProgress (1): 36/38 kBProgress (1): 38 kB   Progress (2): 38 kB | 4.1/121 kBProgress (2): 38 kB | 7.7/121 kBProgress (2): 38 kB | 12/121 kB Progress (2): 38 kB | 16/121 kBProgress (2): 38 kB | 20/121 kBProgress (2): 38 kB | 24/121 kBProgress (2): 38 kB | 28/121 kBProgress (2): 38 kB | 32/121 kBProgress (2): 38 kB | 36/121 kBProgress (2): 38 kB | 40/121 kBProgress (2): 38 kB | 45/121 kBProgress (2): 38 kB | 49/121 kBProgress (2): 38 kB | 53/121 kBProgress (3): 38 kB | 53/121 kB | 4.1/194 kBProgress (3): 38 kB | 53/121 kB | 7.7/194 kBProgress (3): 38 kB | 53/121 kB | 12/194 kB Progress (3): 38 kB | 53/121 kB | 16/194 kBProgress (3): 38 kB | 53/121 kB | 20/194 kBProgress (3): 38 kB | 53/121 kB | 24/194 kBProgress (3): 38 kB | 53/121 kB | 28/194 kBProgress (3): 38 kB | 53/121 kB | 32/194 kBProgress (3): 38 kB | 53/121 kB | 36/194 kBProgress (3): 38 kB | 53/121 kB | 40/194 kBProgress (3): 38 kB | 53/121 kB | 45/194 kBProgress (3): 38 kB | 53/121 kB | 49/194 kBProgress (3): 38 kB | 53/121 kB | 53/194 kBProgress (3): 38 kB | 53/121 kB | 57/194 kBProgress (4): 38 kB | 53/121 kB | 57/194 kB | 4.1/57 kBProgress (4): 38 kB | 53/121 kB | 57/194 kB | 7.7/57 kBProgress (4): 38 kB | 53/121 kB | 57/194 kB | 12/57 kB Progress (4): 38 kB | 53/121 kB | 57/194 kB | 16/57 kBProgress (4): 38 kB | 53/121 kB | 57/194 kB | 20/57 kBProgress (4): 38 kB | 53/121 kB | 57/194 kB | 24/57 kBProgress (4): 38 kB | 53/121 kB | 57/194 kB | 28/57 kBProgress (4): 38 kB | 53/121 kB | 57/194 kB | 32/57 kBProgress (4): 38 kB | 53/121 kB | 57/194 kB | 36/57 kBProgress (4): 38 kB | 53/121 kB | 57/194 kB | 40/57 kBProgress (4): 38 kB | 53/121 kB | 57/194 kB | 45/57 kBProgress (4): 38 kB | 53/121 kB | 57/194 kB | 49/57 kBProgress (4): 38 kB | 53/121 kB | 57/194 kB | 53/57 kBProgress (4): 38 kB | 53/121 kB | 57/194 kB | 57 kB   Progress (5): 38 kB | 53/121 kB | 57/194 kB | 57 kB | 4.1/86 kBProgress (5): 38 kB | 53/121 kB | 57/194 kB | 57 kB | 7.7/86 kBProgress (5): 38 kB | 53/121 kB | 57/194 kB | 57 kB | 12/86 kB Progress (5): 38 kB | 57/121 kB | 57/194 kB | 57 kB | 12/86 kBProgress (5): 38 kB | 61/121 kB | 57/194 kB | 57 kB | 12/86 kBProgress (5): 38 kB | 65/121 kB | 57/194 kB | 57 kB | 12/86 kBProgress (5): 38 kB | 69/121 kB | 57/194 kB | 57 kB | 12/86 kBProgress (5): 38 kB | 73/121 kB | 57/194 kB | 57 kB | 12/86 kBProgress (5): 38 kB | 77/121 kB | 57/194 kB | 57 kB | 12/86 kBProgress (5): 38 kB | 81/121 kB | 57/194 kB | 57 kB | 12/86 kBProgress (5): 38 kB | 86/121 kB | 57/194 kB | 57 kB | 12/86 kBProgress (5): 38 kB | 90/121 kB | 57/194 kB | 57 kB | 12/86 kBProgress (5): 38 kB | 94/121 kB | 57/194 kB | 57 kB | 12/86 kBProgress (5): 38 kB | 98/121 kB | 57/194 kB | 57 kB | 12/86 kBProgress (5): 38 kB | 98/121 kB | 57/194 kB | 57 kB | 16/86 kBProgress (5): 38 kB | 98/121 kB | 57/194 kB | 57 kB | 20/86 kBProgress (5): 38 kB | 98/121 kB | 57/194 kB | 57 kB | 24/86 kBProgress (5): 38 kB | 98/121 kB | 57/194 kB | 57 kB | 28/86 kBProgress (5): 38 kB | 98/121 kB | 57/194 kB | 57 kB | 32/86 kBProgress (5): 38 kB | 98/121 kB | 57/194 kB | 57 kB | 36/86 kBProgress (5): 38 kB | 98/121 kB | 57/194 kB | 57 kB | 40/86 kBProgress (5): 38 kB | 98/121 kB | 57/194 kB | 57 kB | 45/86 kBProgress (5): 38 kB | 98/121 kB | 57/194 kB | 57 kB | 49/86 kBProgress (5): 38 kB | 98/121 kB | 57/194 kB | 57 kB | 53/86 kBProgress (5): 38 kB | 98/121 kB | 57/194 kB | 57 kB | 57/86 kBProgress (5): 38 kB | 98/121 kB | 57/194 kB | 57 kB | 61/86 kBProgress (5): 38 kB | 98/121 kB | 57/194 kB | 57 kB | 65/86 kBProgress (5): 38 kB | 98/121 kB | 57/194 kB | 57 kB | 69/86 kBProgress (5): 38 kB | 98/121 kB | 57/194 kB | 57 kB | 73/86 kBProgress (5): 38 kB | 98/121 kB | 57/194 kB | 57 kB | 77/86 kBProgress (5): 38 kB | 98/121 kB | 57/194 kB | 57 kB | 81/86 kBProgress (5): 38 kB | 98/121 kB | 57/194 kB | 57 kB | 86/86 kBProgress (5): 38 kB | 98/121 kB | 57/194 kB | 57 kB | 86 kB   Progress (5): 38 kB | 98/121 kB | 61/194 kB | 57 kB | 86 kBProgress (5): 38 kB | 98/121 kB | 65/194 kB | 57 kB | 86 kBProgress (5): 38 kB | 98/121 kB | 69/194 kB | 57 kB | 86 kBProgress (5): 38 kB | 98/121 kB | 73/194 kB | 57 kB | 86 kBProgress (5): 38 kB | 98/121 kB | 77/194 kB | 57 kB | 86 kBProgress (5): 38 kB | 98/121 kB | 81/194 kB | 57 kB | 86 kBProgress (5): 38 kB | 98/121 kB | 86/194 kB | 57 kB | 86 kBProgress (5): 38 kB | 98/121 kB | 90/194 kB | 57 kB | 86 kBProgress (5): 38 kB | 98/121 kB | 94/194 kB | 57 kB | 86 kBProgress (5): 38 kB | 98/121 kB | 98/194 kB | 57 kB | 86 kBProgress (5): 38 kB | 98/121 kB | 102/194 kB | 57 kB | 86 kBProgress (5): 38 kB | 98/121 kB | 106/194 kB | 57 kB | 86 kBProgress (5): 38 kB | 98/121 kB | 110/194 kB | 57 kB | 86 kBProgress (5): 38 kB | 98/121 kB | 114/194 kB | 57 kB | 86 kBProgress (5): 38 kB | 98/121 kB | 118/194 kB | 57 kB | 86 kBProgress (5): 38 kB | 98/121 kB | 122/194 kB | 57 kB | 86 kBProgress (5): 38 kB | 98/121 kB | 127/194 kB | 57 kB | 86 kBProgress (5): 38 kB | 98/121 kB | 131/194 kB | 57 kB | 86 kBProgress (5): 38 kB | 98/121 kB | 135/194 kB | 57 kB | 86 kBProgress (5): 38 kB | 98/121 kB | 139/194 kB | 57 kB | 86 kBProgress (5): 38 kB | 98/121 kB | 143/194 kB | 57 kB | 86 kBProgress (5): 38 kB | 98/121 kB | 147/194 kB | 57 kB | 86 kBProgress (5): 38 kB | 98/121 kB | 151/194 kB | 57 kB | 86 kBProgress (5): 38 kB | 102/121 kB | 151/194 kB | 57 kB | 86 kBProgress (5): 38 kB | 106/121 kB | 151/194 kB | 57 kB | 86 kBProgress (5): 38 kB | 110/121 kB | 151/194 kB | 57 kB | 86 kBProgress (5): 38 kB | 114/121 kB | 151/194 kB | 57 kB | 86 kBProgress (5): 38 kB | 118/121 kB | 151/194 kB | 57 kB | 86 kBProgress (5): 38 kB | 121 kB | 151/194 kB | 57 kB | 86 kB    Progress (5): 38 kB | 121 kB | 155/194 kB | 57 kB | 86 kBProgress (5): 38 kB | 121 kB | 159/194 kB | 57 kB | 86 kBProgress (5): 38 kB | 121 kB | 163/194 kB | 57 kB | 86 kBProgress (5): 38 kB | 121 kB | 167/194 kB | 57 kB | 86 kBProgress (5): 38 kB | 121 kB | 172/194 kB | 57 kB | 86 kBProgress (5): 38 kB | 121 kB | 176/194 kB | 57 kB | 86 kBProgress (5): 38 kB | 121 kB | 180/194 kB | 57 kB | 86 kBProgress (5): 38 kB | 121 kB | 184/194 kB | 57 kB | 86 kBProgress (5): 38 kB | 121 kB | 188/194 kB | 57 kB | 86 kBProgress (5): 38 kB | 121 kB | 192/194 kB | 57 kB | 86 kBProgress (5): 38 kB | 121 kB | 194 kB | 57 kB | 86 kB                                                         Downloaded from central: https://repo.maven.apache.org/maven2/classworlds/classworlds/1.1-alpha-2/classworlds-1.1-alpha-2.jar (38 kB at 308 kB/s)
Downloading from central: https://repo.maven.apache.org/maven2/org/apache/maven/maven-repository-metadata/2.0.6/maven-repository-metadata-2.0.6.jar
Downloaded from central: https://repo.maven.apache.org/maven2/org/apache/maven/maven-artifact-manager/2.0.6/maven-artifact-manager-2.0.6.jar (57 kB at 425 kB/s)
Downloading from central: https://repo.maven.apache.org/maven2/org/apache/maven/maven-artifact/2.0.6/maven-artifact-2.0.6.jar
Downloaded from central: https://repo.maven.apache.org/maven2/org/apache/maven/maven-model/2.0.6/maven-model-2.0.6.jar (86 kB at 622 kB/s)
Downloading from central: https://repo.maven.apache.org/maven2/org/codehaus/plexus/plexus-utils/3.0.5/plexus-utils-3.0.5.jar
Downloaded from central: https://repo.maven.apache.org/maven2/junit/junit/3.8.1/junit-3.8.1.jar (121 kB at 829 kB/s)
Progress (2): 194 kB | 3.9/24 kBProgress (2): 194 kB | 8.0/24 kBProgress (2): 194 kB | 12/24 kB Progress (2): 194 kB | 16/24 kBProgress (2): 194 kB | 20/24 kBProgress (2): 194 kB | 24/24 kBProgress (2): 194 kB | 24 kB                               Downloaded from central: https://repo.maven.apache.org/maven2/org/codehaus/plexus/plexus-container-default/1.0-alpha-9-stable-1/plexus-container-default-1.0-alpha-9-stable-1.jar (194 kB at 1.3 MB/s)
Downloading from central: https://repo.maven.apache.org/maven2/org/codehaus/plexus/plexus-digest/1.0/plexus-digest-1.0.jar
Progress (2): 24 kB | 4.1/87 kBProgress (2): 24 kB | 7.7/87 kBProgress (2): 24 kB | 11/87 kB Progress (2): 24 kB | 15/87 kBProgress (2): 24 kB | 20/87 kBProgress (2): 24 kB | 24/87 kBProgress (2): 24 kB | 28/87 kBProgress (2): 24 kB | 32/87 kBProgress (2): 24 kB | 36/87 kBProgress (2): 24 kB | 40/87 kBProgress (2): 24 kB | 44/87 kBProgress (2): 24 kB | 48/87 kBProgress (2): 24 kB | 52/87 kBProgress (2): 24 kB | 56/87 kBProgress (2): 24 kB | 61/87 kBProgress (2): 24 kB | 65/87 kBProgress (2): 24 kB | 69/87 kBProgress (2): 24 kB | 73/87 kBProgress (2): 24 kB | 77/87 kBProgress (2): 24 kB | 81/87 kBProgress (2): 24 kB | 85/87 kBProgress (2): 24 kB | 87 kB   Progress (3): 24 kB | 87 kB | 4.1/12 kBProgress (3): 24 kB | 87 kB | 7.7/12 kBProgress (3): 24 kB | 87 kB | 12/12 kB Progress (3): 24 kB | 87 kB | 12 kB   Progress (4): 24 kB | 87 kB | 12 kB | 3.2/230 kBProgress (4): 24 kB | 87 kB | 12 kB | 7.3/230 kBProgress (4): 24 kB | 87 kB | 12 kB | 11/230 kB Progress (4): 24 kB | 87 kB | 12 kB | 15/230 kBProgress (4): 24 kB | 87 kB | 12 kB | 20/230 kBProgress (4): 24 kB | 87 kB | 12 kB | 24/230 kBProgress (4): 24 kB | 87 kB | 12 kB | 28/230 kBProgress (4): 24 kB | 87 kB | 12 kB | 32/230 kBProgress (4): 24 kB | 87 kB | 12 kB | 36/230 kBProgress (4): 24 kB | 87 kB | 12 kB | 40/230 kBProgress (4): 24 kB | 87 kB | 12 kB | 44/230 kBProgress (4): 24 kB | 87 kB | 12 kB | 48/230 kBProgress (4): 24 kB | 87 kB | 12 kB | 52/230 kB                                               Downloaded from central: https://repo.maven.apache.org/maven2/org/apache/maven/maven-repository-metadata/2.0.6/maven-repository-metadata-2.0.6.jar (24 kB at 136 kB/s)
Progress (3): 87 kB | 12 kB | 56/230 kBProgress (3): 87 kB | 12 kB | 61/230 kBProgress (3): 87 kB | 12 kB | 65/230 kBProgress (3): 87 kB | 12 kB | 69/230 kBProgress (3): 87 kB | 12 kB | 73/230 kBProgress (3): 87 kB | 12 kB | 77/230 kBProgress (3): 87 kB | 12 kB | 81/230 kBProgress (3): 87 kB | 12 kB | 85/230 kBProgress (3): 87 kB | 12 kB | 89/230 kBProgress (3): 87 kB | 12 kB | 93/230 kBProgress (3): 87 kB | 12 kB | 97/230 kBProgress (3): 87 kB | 12 kB | 102/230 kBProgress (3): 87 kB | 12 kB | 106/230 kBProgress (3): 87 kB | 12 kB | 110/230 kBProgress (3): 87 kB | 12 kB | 114/230 kBProgress (3): 87 kB | 12 kB | 118/230 kBProgress (3): 87 kB | 12 kB | 122/230 kBProgress (3): 87 kB | 12 kB | 126/230 kBProgress (3): 87 kB | 12 kB | 130/230 kBProgress (3): 87 kB | 12 kB | 134/230 kBProgress (3): 87 kB | 12 kB | 138/230 kBProgress (3): 87 kB | 12 kB | 142/230 kBProgress (3): 87 kB | 12 kB | 147/230 kBProgress (3): 87 kB | 12 kB | 151/230 kBProgress (3): 87 kB | 12 kB | 155/230 kBProgress (3): 87 kB | 12 kB | 159/230 kBProgress (3): 87 kB | 12 kB | 163/230 kBProgress (3): 87 kB | 12 kB | 167/230 kBProgress (3): 87 kB | 12 kB | 171/230 kBProgress (3): 87 kB | 12 kB | 175/230 kBProgress (3): 87 kB | 12 kB | 179/230 kBProgress (3): 87 kB | 12 kB | 183/230 kBProgress (3): 87 kB | 12 kB | 188/230 kBProgress (3): 87 kB | 12 kB | 192/230 kBProgress (3): 87 kB | 12 kB | 196/230 kBProgress (3): 87 kB | 12 kB | 200/230 kBProgress (3): 87 kB | 12 kB | 204/230 kBProgress (3): 87 kB | 12 kB | 208/230 kBProgress (3): 87 kB | 12 kB | 212/230 kBProgress (3): 87 kB | 12 kB | 216/230 kBProgress (3): 87 kB | 12 kB | 220/230 kBProgress (3): 87 kB | 12 kB | 224/230 kBProgress (3): 87 kB | 12 kB | 228/230 kBProgress (3): 87 kB | 12 kB | 230 kB                                        Downloaded from central: https://repo.maven.apache.org/maven2/org/apache/maven/maven-artifact/2.0.6/maven-artifact-2.0.6.jar (87 kB at 430 kB/s)
Downloaded from central: https://repo.maven.apache.org/maven2/org/codehaus/plexus/plexus-digest/1.0/plexus-digest-1.0.jar (12 kB at 58 kB/s)
Downloaded from central: https://repo.maven.apache.org/maven2/org/codehaus/plexus/plexus-utils/3.0.5/plexus-utils-3.0.5.jar (230 kB at 1.0 MB/s)
[[1;34mINFO[m] Installing /workspaces/orcpub/lib/com/datomic/datomic-pro/1.0.7482/peer-1.0.7482.jar to /root/.m2/repository/com/datomic/peer/1.0.7482/peer-1.0.7482.jar
[[1;34mINFO[m] Installing /workspaces/orcpub/lib/com/datomic/datomic-pro/1.0.7482/pom.xml to /root/.m2/repository/com/datomic/peer/1.0.7482/peer-1.0.7482.pom
[[1;34mINFO[m] [1m------------------------------------------------------------------------[m
[[1;34mINFO[m] [1;32mBUILD SUCCESS[m
[[1;34mINFO[m] [1m------------------------------------------------------------------------[m
[[1;34mINFO[m] Total time:  17.119 s
[[1;34mINFO[m] Finished at: 2026-01-08T05:01:28Z
[[1;34mINFO[m] [1m------------------------------------------------------------------------[m
[0m[0mInstalling memcache-asg-java-client-1.1.0.36.jar in local maven repository...
[[1;34mINFO[m] Scanning for projects...
[[1;34mINFO[m] Inspecting build with total of 1 modules
[[1;34mINFO[m] Installing Central Publishing features
[[1;34mINFO[m] 
[[1;34mINFO[m] [1m--------------------------< [0;36mcom.datomic:peer[0;1m >--------------------------[m
[[1;34mINFO[m] [1mBuilding peer 1.0.7482[m
[[1;34mINFO[m] [1m--------------------------------[ jar ]---------------------------------[m
[[1;34mINFO[m] 
[[1;34mINFO[m] [1m--- [0;32mmaven-install-plugin:2.4:install-file[m [1m(default-cli)[m @ [36mpeer[0;1m ---[m
[[1;34mINFO[m] Installing /workspaces/orcpub/lib/com/datomic/datomic-pro/1.0.7482/lib/memcache-asg-java-client-1.1.0.36.jar to /root/.m2/repository/com/datomic/memcache-asg-java-client/1.1.0.36/memcache-asg-java-client-1.1.0.36.jar
[[1;34mINFO[m] Installing /tmp/mvninstall15906089406338165689.pom to /root/.m2/repository/com/datomic/memcache-asg-java-client/1.1.0.36/memcache-asg-java-client-1.1.0.36.pom
[[1;34mINFO[m] [1m------------------------------------------------------------------------[m
[[1;34mINFO[m] [1;32mBUILD SUCCESS[m
[[1;34mINFO[m] [1m------------------------------------------------------------------------[m
[[1;34mINFO[m] Total time:  1.193 s
[[1;34mINFO[m] Finished at: 2026-01-08T05:01:31Z
[[1;34mINFO[m] [1m------------------------------------------------------------------------[m
[0m[0m